seed,model,threat_model,attack,eps,clean_accuracy,robust_accuracy,asr,evasion_rate,adv_recall,adv_f1,linf,l2,l0,n,n_correct,n_detected
0,baseline,unconstrained,FGSM,0.01,0.8081973030518098,0.7760823278921221,0.03973655323819978,0.04025423728813559,0.6706927452661108,0.7732458898571557,0.010000004416372813,0.07937573447884352,64.28453038674033,22544,18220,8968
0,adv_trained,unconstrained,FGSM,0.01,0.7931600425833925,0.7866838183108588,0.008165091437839047,0.0155195681511471,0.6821475882490454,0.7845140475870412,0.010000004458611142,0.0831004761867399,70.15753424657534,22544,17881,8892
0,baseline,unconstrained,PGD,0.01,0.8081973030518098,0.7755500354861604,0.04039517014270033,0.04114629794826048,0.670069352450713,0.7726660077275587,0.010000004374887794,0.07915974084356019,64.37092391304348,22544,18220,8968
0,adv_trained,unconstrained,PGD,0.01,0.7931600425833925,0.7865951029098651,0.008276942005480677,0.015744489428699954,0.681991740045196,0.7844051086712973,0.010000004433095455,0.08233592640941817,71.54729729729729,22544,17881,8892
0,baseline,unconstrained,CW-L2,0.01,0.8081973030518098,0.7755500354861604,0.04039517014270033,0.04114629794826048,0.670069352450713,0.7726660077275587,0.009518334598396905,0.04065704998938511,48.19429347826087,22544,18220,8968
0,adv_trained,unconstrained,CW-L2,0.01,0.7931600425833925,0.7865951029098651,0.008276942005480677,0.015744489428699954,0.681991740045196,0.7844051086712973,0.008970311477881026,0.024542272525966004,20.0472972972973,22544,17881,8892
0,baseline,unconstrained,RandomSearch,0.01,0.8081973030518098,0.7964868701206529,0.014489571899012075,0.0030107047279214986,0.6967193953089691,0.7958166444147753,0.009860231756289122,0.04725107597537506,64.375,22544,18220,8968
0,adv_trained,unconstrained,RandomSearch,0.01,0.7931600425833925,0.790764726756565,0.003019965326324031,0.005510571300044984,0.689082833320346,0.7894478418069009,0.009853184637096193,0.047225360340291414,65.57407407407408,22544,17881,8892
0,adv_trained,unconstrained,Transfer-PGD,0.01,0.7931600425833925,0.7889904187366927,0.005256976679156647,0.009896536212325686,0.6860437933452816,0.7873015873015873,0.010000004651064568,0.07112281833547818,51.42553191489362,22544,17881,8892
0,baseline,unconstrained,FGSM,0.02,0.8081973030518098,0.7212118523775728,0.10762897914379803,0.11920160570918822,0.6155224811034052,0.7153919304442331,0.02000000713937353,0.1581017626588619,63.870984191738906,22544,18220,8968
0,adv_trained,unconstrained,FGSM,0.02,0.7931600425833925,0.7800745209368346,0.01649795872714054,0.03126405757984705,0.6712382139795838,0.7765257369512305,0.020000006946719297,0.1682811148700432,71.9864406779661,22544,17881,8892
0,baseline,unconstrained,PGD,0.02,0.8081973030518098,0.7041784953867991,0.12870472008781558,0.13057537912578054,0.6075742227070833,0.700444684004851,0.020000007489660403,0.15904158723832668,66.53816631130064,22544,18220,8968
0,adv_trained,unconstrained,PGD,0.02,0.7931600425833925,0.7796753016323634,0.01700128628152788,0.031938821412505626,0.6707706693680355,0.7760897984943426,0.020000007058689862,0.16620799862425048,74.72039473684211,22544,17881,8892
0,baseline,unconstrained,CW-L2,0.02,0.8081973030518098,0.7039567068843151,0.12897914379802414,0.13035236396074934,0.6077300709109328,0.7003412356321839,0.019043109679713528,0.09992412762625456,53.93617021276596,22544,18220,8968
0,adv_trained,unconstrained,CW-L2,0.02,0.7931600425833925,0.7796309439318666,0.017057211565348694,0.03205128205128205,0.6706927452661108,0.7760346226670273,0.01756061169273052,0.049670683811497765,24.304918032786887,22544,17881,8892
0,baseline,unconstrained,RandomSearch,0.02,0.8081973030518098,0.7916962384669979,0.020417124039517013,0.0073595004460303304,0.6936803553339048,0.7912888888888889,0.01969782209464459,0.09213807906739703,63.825268817204304,22544,18220,8968
0,adv_trained,unconstrained,RandomSearch,0.02,0.7931600425833925,0.788236337828247,0.006207706504110508,0.01158344579397211,0.6848749318164108,0.7864173228346457,0.019705175514425244,0.09443095403963252,65.64864864864865,22544,17881,8892
0,adv_trained,unconstrained,Transfer-PGD,0.02,0.7931600425833925,0.7849538679914834,0.010346177506850848,0.019455690508322087,0.67942024468168,0.7824643273804182,0.020000007013614114,0.14133421134895655,51.956756756756754,22544,17881,8892
0,baseline,unconstrained,FGSM,0.05,0.8081973030518098,0.37619765791341375,0.5345225027442371,0.3254906333630687,0.47136289254266345,0.46244409617369364,0.050000011920928955,0.4248221474377704,73.5158640517507,22544,18220,8968
0,adv_trained,unconstrained,FGSM,0.05,0.7931600425833925,0.7607789212207239,0.04082545718919524,0.07636077372919478,0.639990649107769,0.7528301022045006,0.050000011885206995,0.419155763502413,72.05068493150685,22544,17881,8892
0,baseline,unconstrained,PGD,0.05,0.8081973030518098,0.27288857345635203,0.6623490669593853,0.35269848349687777,0.45234941167303044,0.41461324191129206,0.050000011920928955,0.42209573182029286,75.94796155120981,22544,18220,8968
0,adv_trained,unconstrained,PGD,0.05,0.7931600425833925,0.7578069552874379,0.044572451205189864,0.08232118758434548,0.6358606717057586,0.7493112947658402,0.050000011920928955,0.40861663160813155,76.66750313676286,22544,17881,8892
0,baseline,unconstrained,CW-L2,0.05,0.8081973030518098,0.27311036195883603,0.6620746432491768,0.35225245316681536,0.45266110808072935,0.4148544902695947,0.04627628364135236,0.2362248098928985,63.37801541904999,22544,18220,8968
0,adv_trained,unconstrained,CW-L2,0.05,0.7931600425833925,0.7576738821859474,0.044740227056652315,0.0827710301394512,0.6355489752980596,0.7491159586681975,0.04317835429275874,0.1203300209246858,34.19,22544,17881,8892
0,baseline,unconstrained,RandomSearch,0.05,0.8081973030518098,0.7787881476224272,0.036388583973655325,0.02408563782337199,0.681991740045196,0.7782668623004757,0.049309365551772656,0.23104056430467185,64.19004524886878,22544,18220,8968
0,adv_trained,unconstrained,RandomSearch,0.05,0.7931600425833925,0.7809616749467707,0.015379453050724232,0.028789923526765633,0.6729525442219279,0.7776677172444845,0.04933001903986389,0.23459844746306885,65.6509090909091,22544,17881,8892
0,adv_trained,unconstrained,Transfer-PGD,0.05,0.7931600425833925,0.7731103619588361,0.025278228287008556,0.047345928924876296,0.6600950674043482,0.768100829668586,0.050000011920928955,0.35175361265249655,53.26327433628319,22544,17881,8892
0,baseline,unconstrained,FGSM,0.1,0.8081973030518098,0.2116305890702626,0.7381448957189901,0.4679973238180196,0.3717758902828645,0.34933186893648177,0.10000002384185791,0.8470476196428252,73.25414528961261,22544,18220,8968
0,adv_trained,unconstrained,FGSM,0.1,0.7931600425833925,0.7028921220723917,0.11380795257535932,0.21165092217723797,0.5462479544923244,0.6767062457766194,0.10000002376497232,0.8287693020040012,71.23095823095824,22544,17881,8892
0,baseline,unconstrained,PGD,0.1,0.8081973030518098,0.17667672107877927,0.7813940724478595,0.5558652988403211,0.3103716979661809,0.300297809778716,0.10000002384185791,0.8227256869201148,73.6891198988551,22544,18220,8968
0,adv_trained,unconstrained,PGD,0.1,0.7931600425833925,0.6599982256919801,0.1678877020300878,0.23661718398560505,0.5289488038650355,0.6391412833670731,0.10000002383689417,0.7565124117959983,73.2128580946036,22544,17881,8892
0,baseline,unconstrained,CW-L2,0.1,0.8081973030518098,0.1854595457771469,0.7705268935236005,0.5337867975022301,0.32580067014727654,0.31289055191768006,0.07781099096195727,0.2854272257448026,56.48757033976779,22544,18220,8968
0,adv_trained,unconstrained,CW-L2,0.1,0.7931600425833925,0.6686036195883606,0.15703819696884963,0.23717948717948717,0.5285591833554119,0.6448638113799496,0.09026033866373116,0.2861271002561814,42.40420227920228,22544,17881,8892
0,baseline,unconstrained,RandomSearch,0.1,0.8081973030518098,0.6131564939673527,0.24132821075740943,0.07738626226583407,0.6447440193251773,0.6548735604891369,0.09860959324076236,0.4736661826503868,65.40436661360019,22544,18220,8968
0,adv_trained,unconstrained,RandomSearch,0.1,0.7931600425833925,0.7633960255500355,0.037525865443767126,0.0692757534862798,0.6448998675290267,0.756282555058028,0.09862933131684334,0.46831174926218766,65.424739195231,22544,17881,8892
0,adv_trained,unconstrained,Transfer-PGD,0.1,0.7931600425833925,0.7380677785663591,0.06945920250545272,0.12910481331533963,0.6034442453050729,0.7239751320525406,0.10000002384185791,0.6998911110235683,53.30515297906602,22544,17881,8892
0,baseline,unconstrained,FGSM,0.2,0.8081973030518098,0.0015525195173882187,0.9999451152579583,0.9998884924174843,0.002727343567365386,0.0031002258735993624,0.2000000128309148,1.618739095511965,67.50930347439487,22544,18220,8968
0,adv_trained,unconstrained,FGSM,0.2,0.7931600425833925,0.4359918381831086,0.4503103853252055,0.34941520467836257,0.450790929634536,0.476425777228742,0.20000001307326137,1.5837032209423367,64.49639841033283,22544,17881,8892
0,baseline,unconstrained,PGD,0.2,0.8081973030518098,0.0,1.0,1.0,0.0,0.0,0.20000001123506253,1.5912164523750765,68.70367727771679,22544,18220,8968
0,adv_trained,unconstrained,PGD,0.2,0.7931600425833925,0.16456706884315117,0.7925171970247749,0.5957040035987404,0.28013714641938753,0.2762834306793729,0.20000001203123394,1.3323940065453648,68.3739326794157,22544,17881,8892
0,baseline,unconstrained,CW-L2,0.2,0.8081973030518098,0.0,1.0,1.0,0.0,0.0,0.10861717448559612,0.39567219528785497,53.58457738748628,22544,18220,8968
0,adv_trained,unconstrained,CW-L2,0.2,0.7931600425833925,0.19965400993612492,0.7482802975225099,0.5802968960863698,0.29081274838307486,0.29262555376955346,0.186795257414435,0.48363379533844597,33.11270553064275,22544,17881,8892
0,baseline,unconstrained,RandomSearch,0.2,0.8081973030518098,0.3373846699787083,0.5825466520307354,0.16570026761819803,0.5830281306007948,0.5004347535281921,0.19711630539874722,0.9391310336625472,65.71970981722254,22544,18220,8968
0,adv_trained,unconstrained,RandomSearch,0.2,0.7931600425833925,0.5454666430092264,0.31228678485543315,0.16284300494826812,0.5800670147276553,0.592321464093893,0.19729665624822376,0.9379696017793714,65.10655444126074,22544,17881,8892
0,adv_trained,unconstrained,Transfer-PGD,0.2,0.7931600425833925,0.6251774308019872,0.21195682568089033,0.24370220422852001,0.5241954336476272,0.6142257121986852,0.20000001289402589,1.5549983200505013,64.78997361477573,22544,17881,8892
0,baseline,feasible,FGSM,0.01,0.8081973030518098,0.8077537260468417,0.0005488474204171241,0.0010035682426404995,0.6981220291436141,0.8052309904727665,0.010010435432195663,0.01201446044243836,1.5,22544,18220,8968
0,adv_trained,feasible,FGSM,0.01,0.7931600425833925,0.7929826117814053,0.00022370113528326157,0.00033738191632928474,0.6926673420088834,0.792069503230118,0.010653402656316757,0.013503858729075016,1.75,22544,17881,8892
0,baseline,feasible,PGD,0.01,0.8081973030518098,0.8077537260468417,0.0005488474204171241,0.0010035682426404995,0.6981220291436141,0.8052309904727665,0.010010435432195663,0.01201446044243836,1.5,22544,18220,8968
0,adv_trained,feasible,PGD,0.01,0.7931600425833925,0.7929826117814053,0.00022370113528326157,0.00033738191632928474,0.6926673420088834,0.792069503230118,0.010653402656316757,0.01350684164072994,2.0,22544,17881,8892
0,baseline,feasible,CW-L2,0.01,0.8081973030518098,0.8081085876508162,0.0001097694840834248,0.00011150758251561107,0.6987454219590119,0.8056603773584906,0.007357630878686905,0.007357630878686905,1.0,22544,18220,8968
0,adv_trained,feasible,CW-L2,0.01,0.7931600425833925,0.7931156848828956,5.592528382081539e-05,0.0,0.6929011143146575,0.7922309337134711,0.009936094284057617,0.009936094284057617,1.0,22544,17881,8892
0,baseline,feasible,RandomSearch,0.01,0.8081973030518098,0.8077980837473385,0.0004939626783754116,0.0008920606601248885,0.6981999532455389,0.8052846807172067,0.00894885841343138,0.009106539037997989,1.1111111111111112,22544,18220,8968
0,adv_trained,feasible,RandomSearch,0.01,0.7931600425833925,0.7930269694819021,0.00016777585146244618,0.0002249212775528565,0.6927452661108081,0.7921233181858683,0.010009119908014933,0.010236300315638833,1.6666666666666667,22544,17881,8892
0,adv_trained,feasible,Transfer-PGD,0.01,0.7931600425833925,0.7931600425833925,0.00016777585146244618,0.0002249212775528565,0.6929790384165823,0.7922847342866052,0.011693527301152548,0.01582694548164382,2.0,22544,17881,8892
0,baseline,feasible,FGSM,0.02,0.8081973030518098,0.8058907026259758,0.002854006586169045,0.005575379125780553,0.6949271409647004,0.8029893751125518,0.031189303343685772,0.04031213198779309,2.4038461538461537,22544,18220,8968
0,adv_trained,feasible,FGSM,0.02,0.7931600425833925,0.7907203690560681,0.0030758906101448465,0.005960413855150697,0.6887711369126471,0.7893373816752992,0.032048825106837535,0.03893536282017744,1.8363636363636364,22544,17881,8892
0,baseline,feasible,PGD,0.02,0.8081973030518098,0.8058019872249823,0.0029637760702524696,0.005798394290811775,0.6947712927608509,0.8028815848716794,0.030792265923486814,0.03982940854861274,2.3703703703703702,22544,18220,8968
0,adv_trained,feasible,PGD,0.02,0.7931600425833925,0.7907203690560681,0.0030758906101448465,0.005960413855150697,0.6887711369126471,0.7893373816752992,0.032255688309669496,0.038493796771618495,2.018181818181818,22544,17881,8892
0,baseline,feasible,CW-L2,0.02,0.8081973030518098,0.8077537260468417,0.0005488474204171241,0.0008920606601248885,0.6981999532455389,0.8052484946526467,0.02396753504872322,0.026756830269012703,1.8,22544,18220,8968
0,adv_trained,feasible,CW-L2,0.02,0.7931600425833925,0.7928495386799148,0.00039147698674570774,0.0005623031938821412,0.6925114938050339,0.7919265728034218,0.024882393223898753,0.025949120618861763,1.2857142857142858,22544,17881,8892
0,baseline,feasible,RandomSearch,0.02,0.8081973030518098,0.8062012065294535,0.002469813391877058,0.004794826048171275,0.6954726096781735,0.8033664881407804,0.025357665866613387,0.027657064882472514,1.6444444444444444,22544,18220,8968
0,adv_trained,feasible,RandomSearch,0.02,0.7931600425833925,0.7908090844570618,0.0029640400425032156,0.005735492577597841,0.6889269851164965,0.7894454862041254,0.031220764062314662,0.03288835845275604,1.490566037735849,22544,17881,8892
0,adv_trained,feasible,Transfer-PGD,0.02,0.7931600425833925,0.7911195883605394,0.0028521894748615847,0.005510571300044984,0.6894724538299696,0.7898237000669494,0.032213558753331505,0.043344665364323624,2.392156862745098,22544,17881,8892
0,baseline,feasible,FGSM,0.05,0.8081973030518098,0.801277501774308,0.008562019758507134,0.015276538804638716,0.6881477440972493,0.7976695872098275,0.0594706882077914,0.09245614451370497,2.9743589743589745,22544,18220,8968
0,adv_trained,feasible,FGSM,0.05,0.7931600425833925,0.7883250532292406,0.006095855936468878,0.011695906432748537,0.684797007714486,0.7864685877930911,0.056666332886579934,0.0771921224331963,2.1376146788990824,22544,17881,8892
0,baseline,feasible,PGD,0.05,0.8081973030518098,0.8009669978708304,0.008946212952799121,0.016057091882247992,0.6876022753837762,0.7972893607409081,0.059689127183033645,0.09328121555625458,3.0122699386503067,22544,18220,8968
0,adv_trained,feasible,PGD,0.05,0.7931600425833925,0.7881919801277502,0.006263631787931324,0.012033288349077824,0.6845632354087119,0.7863056612217498,0.05758548680959003,0.07980327750193181,2.4017857142857144,22544,17881,8892
0,baseline,feasible,CW-L2,0.05,0.8081973030518098,0.8041607523066004,0.004994511525795829,0.009032114183764496,0.6925114938050339,0.801027536166569,0.04604987366186394,0.057995697989383095,2.120879120879121,22544,18220,8968
0,adv_trained,feasible,CW-L2,0.05,0.7931600425833925,0.7907203690560681,0.0030758906101448465,0.005735492577597841,0.6889269851164965,0.789375,0.0379513065923344,0.04095017348185653,1.2363636363636363,22544,17881,8892
0,baseline,feasible,RandomSearch,0.05,0.8081973030518098,0.8022533711852378,0.0073545554335894625,0.013157894736842105,0.6896283020338191,0.7988085567289467,0.05126975821470147,0.06317119006273682,2.1865671641791047,22544,18220,8968
0,adv_trained,feasible,RandomSearch,0.05,0.7931600425833925,0.7885911994322214,0.005760304233543985,0.011021142600089968,0.6852645523260344,0.7867943097432227,0.04675834300448593,0.056135763807030455,2.0485436893203883,22544,17881,8892
0,adv_trained,feasible,Transfer-PGD,0.05,0.7931600425833925,0.7892565649396736,0.005201051395335832,0.009896536212325686,0.6864334138549053,0.7876078501497609,0.05920511303890136,0.09116450028927656,2.903225806451613,22544,17881,8892
0,baseline,feasible,FGSM,0.1,0.8081973030518098,0.7915631653655074,0.020581778265642153,0.03679750223015165,0.6731083924257772,0.7861660978384528,0.10420915212233861,0.17277564993900096,2.9386666666666668,22544,18220,8968
0,adv_trained,feasible,FGSM,0.1,0.7931600425833925,0.783179559971611,0.012583188859683464,0.023954116059379218,0.676303280604691,0.7802751056369684,0.10295319361819161,0.15165351420395154,2.3066666666666666,22544,17881,8892
0,baseline,feasible,PGD,0.1,0.8081973030518098,0.7908534421575586,0.02145993413830955,0.03847011596788582,0.6719395308969064,0.7853012157916306,0.10438697783233565,0.1719894955760279,2.9923273657289005,22544,18220,8968
0,adv_trained,feasible,PGD,0.1,0.7931600425833925,0.7819375443577005,0.014149096806666294,0.02699055330634278,0.6741993298527235,0.7787578757875787,0.10379123334356918,0.1612735318702531,2.794466403162055,22544,17881,8892
0,baseline,feasible,CW-L2,0.1,0.8081973030518098,0.7956884315117104,0.015477497255762898,0.027876895628902765,0.6793423205797553,0.7910352962526087,0.0753126075583781,0.10587847948702692,2.49645390070922,22544,18220,8968
0,adv_trained,feasible,CW-L2,0.1,0.7931600425833925,0.785929737402413,0.009115821262792909,0.017543859649122806,0.6807449544144004,0.7835680330074446,0.07027793602526554,0.08461999239836177,1.8711656441717792,22544,17881,8892
0,baseline,feasible,RandomSearch,0.1,0.8081973030518098,0.7950230660042583,0.016300768386388585,0.029438001784121322,0.6782513831528092,0.7902310590585138,0.08784083738571867,0.11716055666180125,2.5454545454545454,22544,18220,8968
0,adv_trained,feasible,RandomSearch,0.1,0.7931600425833925,0.7841997870830376,0.011296907331804709,0.021479982006297797,0.6780176108470349,0.7815152467777429,0.08550150603941171,0.11096034559302002,2.5346534653465347,22544,17881,8892
0,adv_trained,feasible,Transfer-PGD,0.1,0.7931600425833925,0.7845990063875089,0.011576533750908787,0.021929824561403508,0.6787968518662822,0.782027111949008,0.10294046846852786,0.16995205388621537,2.975845410628019,22544,17881,8892
0,baseline,feasible,FGSM,0.2,0.8081973030518098,0.7697391767210788,0.047639956092206365,0.07905887600356824,0.6436530818982311,0.7609046105660725,0.19991786517031182,0.3272314613553478,2.771889400921659,22544,18220,8968
0,adv_trained,feasible,FGSM,0.2,0.7931600425833925,0.771291696238467,0.027627090207482802,0.04475933423301844,0.6619652458505416,0.767181432312833,0.20007556164071627,0.29285223599547516,2.251012145748988,22544,17881,8892
0,baseline,feasible,PGD,0.2,0.8081973030518098,0.7590489709013485,0.06081229418221734,0.08530330062444247,0.6392114080885217,0.751259272827182,0.19993843912190692,0.32685926569824564,2.9241877256317688,22544,18220,8968
0,adv_trained,feasible,PGD,0.2,0.7931600425833925,0.7666784953867991,0.033387394441026785,0.05206927575348628,0.6568222551235097,0.7621846459896916,0.19888246235386212,0.28878506305668195,2.6716917922948076,22544,17881,8892
0,baseline,feasible,CW-L2,0.2,0.8081973030518098,0.7689850958126331,0.04851811196487377,0.06534344335414809,0.6531598223330476,0.7629710540688148,0.14173241466604072,0.2093323859613647,2.6515837104072397,22544,18220,8968
0,adv_trained,feasible,CW-L2,0.2,0.7931600425833925,0.7735539389638041,0.024718975448800404,0.037674313990103465,0.6667965401698746,0.7702416850443314,0.12821464408273342,0.1542996916160031,2.0497737556561084,22544,17881,8892
0,baseline,feasible,RandomSearch,0.2,0.8081973030518098,0.7747515968772178,0.041383095499451156,0.06891168599464764,0.6506662510714564,0.7668289099090826,0.17125415040145503,0.2278072418591941,2.676392572944297,22544,18220,8968
0,adv_trained,feasible,RandomSearch,0.2,0.7931600425833925,0.7710255500354861,0.02790671662658688,0.04487179487179487,0.6618093976466921,0.7669315513816146,0.16942324558784344,0.2160286314244786,2.629258517034068,22544,17881,8892
0,adv_trained,feasible,Transfer-PGD,0.2,0.7931600425833925,0.7757718239886444,0.022873441082713494,0.03666216824111561,0.6688225668199174,0.7725124881868503,0.199940744359365,0.3327717728397559,3.053789731051345,22544,17881,8892
1,baseline,unconstrained,FGSM,0.01,0.8114797728885734,0.7706706884315118,0.0502897124740352,0.04510599909788002,0.6598612950985739,0.7661268433909346,0.010000004776267578,0.08272163668944492,69.42608695652174,22544,18294,8868
1,adv_trained,unconstrained,FGSM,0.01,0.7893452803406671,0.780917317246274,0.010677156504636133,0.019035677647327026,0.6706148211641861,0.7770303823755135,0.010000004830132974,0.08711608916796833,76.73684210526316,22544,17795,8773
1,baseline,unconstrained,PGD,0.01,0.8114797728885734,0.7698722498225692,0.05127364163113589,0.04645917907081642,0.6589262058754772,0.7652488687782806,0.0100000047478388,0.08261164451678395,69.71002132196162,22544,18294,8868
1,adv_trained,unconstrained,PGD,0.01,0.7893452803406671,0.780917317246274,0.010677156504636133,0.019035677647327026,0.6706148211641861,0.7770303823755135,0.0100000047713126,0.08612387743104895,77.09473684210526,22544,17795,8773
1,baseline,unconstrained,CW-L2,0.01,0.8114797728885734,0.7698722498225692,0.05127364163113589,0.04645917907081642,0.6589262058754772,0.7652488687782806,0.00958528030695501,0.036966604479844935,47.32942430703625,22544,18294,8868
1,adv_trained,unconstrained,CW-L2,0.01,0.7893452803406671,0.780917317246274,0.010677156504636133,0.019035677647327026,0.6706148211641861,0.7770303823755135,0.009188855870773917,0.02462881591011269,19.8,22544,17795,8773
1,baseline,unconstrained,RandomSearch,0.01,0.8114797728885734,0.7940915542938254,0.021427790532415,0.009133964817320704,0.6847190836125614,0.7910514944184371,0.009845835541622067,0.04651065756125272,64.2704081632653,22544,18294,8868
1,adv_trained,unconstrained,RandomSearch,0.01,0.7893452803406671,0.7857523066004258,0.004551840404608036,0.0075230821839735555,0.6784851554585833,0.7828627944614278,0.009887131310447498,0.046936271558144935,66.11111111111111,22544,17795,8773
1,adv_trained,unconstrained,Transfer-PGD,0.01,0.7893452803406671,0.7838449254790631,0.006968249508288845,0.012082525931836317,0.6753681913815943,0.7805646868104652,0.010000004575798107,0.07473073162256261,56.74193548387097,22544,17795,8773
1,baseline,unconstrained,FGSM,0.02,0.8114797728885734,0.7029364797728885,0.13375970263474363,0.10949481281010374,0.6153666328995558,0.7022364501356098,0.020000007495277992,0.16707351616332772,70.87208827135268,22544,18294,8868
1,adv_trained,unconstrained,FGSM,0.02,0.7893452803406671,0.772666784953868,0.0211295307670694,0.0389832440442266,0.6569781033273592,0.7669077181971165,0.020000006736038214,0.17377774126183407,76.27659574468085,22544,17795,8773
1,baseline,unconstrained,PGD,0.02,0.8114797728885734,0.6871451383960255,0.15321963485295725,0.12336490753270185,0.6057819683628146,0.6879341622052122,0.02000000776508388,0.1649389081575224,70.84766321798074,22544,18294,8868
1,adv_trained,unconstrained,PGD,0.02,0.7893452803406671,0.7723562810503903,0.021522899690924416,0.03978114670010259,0.6564326346138861,0.7665150136487716,0.020000006697157655,0.16953529141956175,76.62140992167102,22544,17795,8773
1,baseline,unconstrained,CW-L2,0.02,0.8114797728885734,0.6868346344925479,0.15360227396960752,0.12392873252142535,0.605392347853191,0.6875829719444199,0.0192008841474577,0.1002288287870331,55.9,22544,18294,8868
1,adv_trained,unconstrained,CW-L2,0.02,0.7893452803406671,0.7723562810503903,0.021522899690924416,0.03978114670010259,0.6564326346138861,0.7665150136487716,0.01796532929789849,0.047992777898827166,22.41514360313316,22544,17795,8773
1,baseline,unconstrained,RandomSearch,0.02,0.8114797728885734,0.7845990063875089,0.033125614955723186,0.016125394677492105,0.6798877892932284,0.7823007262619923,0.019676361223006554,0.09222563023236376,63.945544554455445,22544,18294,8868
1,adv_trained,unconstrained,RandomSearch,0.02,0.7893452803406671,0.7822924059616749,0.008935094127563922,0.015502108742733386,0.6730304683238526,0.7787395185285366,0.0196985994354359,0.09322396112550484,65.20754716981132,22544,17795,8773
1,adv_trained,unconstrained,Transfer-PGD,0.02,0.7893452803406671,0.7784332860184529,0.013824107895476258,0.025076940613245183,0.6664848437621756,0.7739921270530745,0.02000000626908812,0.1470701716221756,55.703252032520325,22544,17795,8773
1,baseline,unconstrained,FGSM,0.05,0.8114797728885734,0.3942955997161107,0.5141029845851098,0.37110960757780787,0.4345827164341931,0.44959490507477123,0.050000011920928955,0.42204942584313315,72.55970228601808,22544,18294,8868
1,adv_trained,unconstrained,FGSM,0.05,0.7893452803406671,0.7580731014904187,0.039617870188255126,0.07340704434059045,0.6334450245460921,0.7488025055268975,0.050000011920928955,0.4394809514966465,78.37730496453901,22544,17795,8773
1,baseline,unconstrained,PGD,0.05,0.8114797728885734,0.2804737402413059,0.6543675522029081,0.3902796571944069,0.4213356191069898,0.4,0.050000011920928955,0.4131837190552158,72.10032578731935,22544,18294,8868
1,adv_trained,unconstrained,PGD,0.05,0.7893452803406671,0.7554116394606104,0.042989603821298114,0.07922033511911547,0.6294708953479311,0.7455468389478542,0.050000011920928955,0.4072756426891122,75.1202614379085,22544,17795,8773
1,baseline,unconstrained,CW-L2,0.05,0.8114797728885734,0.28020759403832507,0.6546955285886082,0.39050518718989624,0.42117977090314035,0.3998224655102267,0.04606507313414043,0.2226444921316831,58.25882942306087,22544,18294,8868
1,adv_trained,unconstrained,CW-L2,0.05,0.7893452803406671,0.7553229240596168,0.04310199494239955,0.07933432121281203,0.6293929712460063,0.7454545454545455,0.042503535218726275,0.10809028198685994,28.183833116036507,22544,17795,8773
1,baseline,unconstrained,RandomSearch,0.05,0.8114797728885734,0.7683640880056778,0.05313217448343719,0.04070816418583672,0.6629003350736383,0.765155603525814,0.04926027301909716,0.23145933867816182,64.48559670781893,22544,18294,8868
1,adv_trained,unconstrained,RandomSearch,0.05,0.7893452803406671,0.7716022001419447,0.022478224220286596,0.041376952011854554,0.6553416971869399,0.7656242887705403,0.0492875669663772,0.23491423197696304,65.9375,22544,17795,8773
1,adv_trained,unconstrained,Transfer-PGD,0.05,0.7893452803406671,0.7646380411639461,0.031300927226749084,0.05779094950416049,0.6441206265097795,0.7570290319626339,0.050000011920928955,0.36136245219837576,55.89048473967684,22544,17795,8773
1,baseline,unconstrained,FGSM,0.1,0.8114797728885734,0.0631653655074521,0.9221602711271455,0.8402119981957601,0.11041845242733578,0.11831009434749937,0.10000002384185791,0.8281386346156285,70.12519264967398,22544,18294,8868
1,adv_trained,unconstrained,FGSM,0.1,0.7893452803406671,0.698722498225692,0.11480753020511379,0.21771343896044681,0.5347931115093899,0.6689735841699971,0.1000000237798609,0.864585248199641,76.57268722466961,22544,17795,8773
1,baseline,unconstrained,PGD,0.1,0.8114797728885734,0.04994677075940383,0.9384497649502569,0.8730266125394678,0.08774253876724071,0.09514152936206167,0.10000002383925402,0.799884756215016,69.0560927306617,22544,18294,8868
1,adv_trained,unconstrained,PGD,0.1,0.7893452803406671,0.6807132718239887,0.1376229277887047,0.23754701926364982,0.5212343177744877,0.6501749611197511,0.10000002383577332,0.7894096808861832,76.26500612494895,22544,17795,8773
1,baseline,unconstrained,CW-L2,0.1,0.8114797728885734,0.049902413058907025,0.9385044276812069,0.8731393775372125,0.08766461466531598,0.09506105031898264,0.08027788279777709,0.31015675765493006,54.140718737259014,22544,18294,8868
1,adv_trained,unconstrained,CW-L2,0.1,0.7893452803406671,0.6801366217175302,0.13835347007586402,0.236977088795167,0.5216239382841112,0.6499344628380018,0.08785379046266316,0.2321476450219448,38.24451665312754,22544,17795,8773
1,baseline,unconstrained,RandomSearch,0.1,0.8114797728885734,0.6063254080908446,0.25281513064392697,0.11671177266576455,0.6103794903763734,0.638360295016503,0.09855077805954057,0.4693859702487716,64.89556756756757,22544,18294,8868
1,adv_trained,unconstrained,RandomSearch,0.1,0.7893452803406671,0.7490241305890702,0.051081764540601295,0.09654622136099396,0.6176264318553729,0.7369595536959553,0.09860942159073449,0.46812938910710017,65.82178217821782,22544,17795,8773
1,adv_trained,unconstrained,Transfer-PGD,0.1,0.7893452803406671,0.709944996451384,0.10059005338578253,0.19434628975265017,0.5507675524039586,0.6837243047158403,0.10000002384185791,0.6890246424418047,52.28938547486033,22544,17795,8773
1,baseline,unconstrained,FGSM,0.2,0.8114797728885734,0.0,1.0,1.0,0.0,0.0,0.2000000126130624,1.6362361316171028,68.95495790969717,22544,18294,8868
1,adv_trained,unconstrained,FGSM,0.2,0.7893452803406671,0.4060060326472676,0.4867659454903063,0.4414681408868118,0.38338658146964855,0.42357195127200725,0.20000001337294063,1.7028960693276047,74.21842530593396,22544,17795,8773
1,baseline,unconstrained,PGD,0.2,0.8114797728885734,0.0,1.0,1.0,0.0,0.0,0.2000000109636226,1.56089837173334,65.8527386028206,22544,18294,8868
1,adv_trained,unconstrained,PGD,0.2,0.7893452803406671,0.11351135557132719,0.8561955605507164,0.7459249971503477,0.17369282319021273,0.18238350447981017,0.2000000125137577,1.3727103385616295,70.4043055920189,22544,17795,8773
1,baseline,unconstrained,CW-L2,0.2,0.8114797728885734,0.0,1.0,1.0,0.0,0.0,0.09713543518403622,0.35477547618042155,50.25691483546518,22544,18294,8868
1,adv_trained,unconstrained,CW-L2,0.2,0.7893452803406671,0.16718417317246273,0.7881989322843496,0.6530263307876439,0.23720096625886386,0.244861842899087,0.1862978944295634,0.4907487180459797,33.285255953229715,22544,17795,8773
1,baseline,unconstrained,RandomSearch,0.2,0.8114797728885734,0.3280251951738822,0.5957691046244671,0.2289129454217411,0.5328450089612717,0.47444926279271465,0.1970801730150175,0.9351146384111256,65.3526929076062,22544,18294,8868
1,adv_trained,unconstrained,RandomSearch,0.2,0.7893452803406671,0.5679559971611071,0.280472042708626,0.20209734412401686,0.5454687134730772,0.5897219882055602,0.19719476001126313,0.935548352906276,65.21338409136446,22544,17795,8773
1,adv_trained,unconstrained,Transfer-PGD,0.2,0.7893452803406671,0.6226046841731725,0.21129530767069402,0.384817052319617,0.42055637808774254,0.5592166614858564,0.20000001132597237,1.394018737530328,53.73244680851064,22544,17795,8773
1,baseline,feasible,FGSM,0.01,0.8114797728885734,0.8107256919801278,0.0009292664261506505,0.0010148849797023004,0.6903296189511415,0.8059131225835797,0.010107741636388442,0.01251506925945884,1.588235294117647,22544,18294,8868
1,adv_trained,feasible,FGSM,0.01,0.7893452803406671,0.7892565649396736,0.00011239112110143299,0.00022797218739313804,0.6834722979817658,0.7868837751760642,0.009866297245025635,0.009866297245025635,1.0,22544,17795,8773
1,baseline,feasible,PGD,0.01,0.8114797728885734,0.8107256919801278,0.0009292664261506505,0.0010148849797023004,0.6903296189511415,0.8059131225835797,0.010107741636388442,0.01251506925945884,1.588235294117647,22544,18294,8868
1,adv_trained,feasible,PGD,0.01,0.7893452803406671,0.7892565649396736,0.00011239112110143299,0.00022797218739313804,0.6834722979817658,0.7868837751760642,0.009866297245025635,0.009866297245025635,1.0,22544,17795,8773
1,baseline,feasible,CW-L2,0.01,0.8114797728885734,0.8109918381831086,0.0006012900404504209,0.0007893549842129003,0.690485467154991,0.806168402856753,0.007042787291786887,0.007937117130029488,1.3636363636363635,22544,18294,8868
1,adv_trained,feasible,CW-L2,0.01,0.7893452803406671,0.7893452803406671,0.0,0.0,0.6836281461856152,0.7869925992374972,,,,22544,17795,8773
1,baseline,feasible,RandomSearch,0.01,0.8114797728885734,0.810903122782115,0.0007106155023504974,0.0010148849797023004,0.6903296189511415,0.8060597788999591,0.008038139114013085,0.009191270341026792,1.3846153846153846,22544,18294,8868
1,adv_trained,feasible,RandomSearch,0.01,0.7893452803406671,0.7892565649396736,0.00011239112110143299,0.00022797218739313804,0.6834722979817658,0.7868837751760642,0.009866297245025635,0.009866297245025635,1.0,22544,17795,8773
1,adv_trained,feasible,Transfer-PGD,0.01,0.7893452803406671,0.7892565649396736,0.00011239112110143299,0.00022797218739313804,0.6834722979817658,0.7868837751760642,0.009866297245025635,0.009866297245025635,1.0,22544,17795,8773
1,baseline,feasible,FGSM,0.02,0.8114797728885734,0.8087295954577715,0.0033890893189023725,0.0045105999097880016,0.6879139717914751,0.803714493809177,0.026084371511974642,0.035845922649259884,2.064516129032258,22544,18294,8868
1,adv_trained,feasible,FGSM,0.02,0.7893452803406671,0.7876153300212917,0.002191626861477943,0.004103499373076485,0.6808228785163251,0.7849249842781422,0.031142880805791952,0.03844572237146238,2.2051282051282053,22544,17795,8773
1,baseline,feasible,PGD,0.02,0.8114797728885734,0.8085521646557843,0.0036077402427025255,0.0045105999097880016,0.6879139717914751,0.8035681776806846,0.025710000346104305,0.03442229079745307,1.9242424242424243,22544,18294,8868
1,adv_trained,feasible,PGD,0.02,0.7893452803406671,0.7876153300212917,0.002191626861477943,0.004103499373076485,0.6808228785163251,0.7849249842781422,0.031142880805791952,0.038368004989994146,2.1794871794871793,22544,17795,8773
1,baseline,feasible,CW-L2,0.02,0.8114797728885734,0.8101490418736693,0.0016398819285011479,0.0012404149751917004,0.6901737707472921,0.8054014731290352,0.01295643908282121,0.015053947679896441,1.7,22544,18294,8868
1,adv_trained,feasible,CW-L2,0.02,0.7893452803406671,0.7889904187366927,0.00044956448440573195,0.0006839165621794141,0.6831606015740669,0.7865954869678345,0.02942541055381298,0.030887640939543038,1.625,22544,17795,8773
1,baseline,feasible,RandomSearch,0.02,0.8114797728885734,0.8089513839602555,0.003115775664152181,0.0038340099233198015,0.6883815164030235,0.8040045506257111,0.021652214686598694,0.02403239017075299,1.6491228070175439,22544,18294,8868
1,adv_trained,feasible,RandomSearch,0.02,0.7893452803406671,0.7877484031227822,0.002023040179825794,0.0037615410919867778,0.6810566508220993,0.7850887042443296,0.03005637549277809,0.03262347090238232,1.8611111111111112,22544,17795,8773
1,adv_trained,feasible,Transfer-PGD,0.02,0.7893452803406671,0.7878814762242725,0.0019106490587243608,0.0037615410919867778,0.6810566508220993,0.7851945018417034,0.03126087839550832,0.03869592773340362,2.0588235294117645,22544,17795,8773
1,baseline,feasible,FGSM,0.05,0.8114797728885734,0.8032735982966643,0.010112605225757078,0.015448804691023907,0.6803553339047768,0.7974608393843906,0.057056667051605274,0.08623417972231923,2.637837837837838,22544,18294,8868
1,adv_trained,feasible,FGSM,0.05,0.7893452803406671,0.7834900638750887,0.007417813992694577,0.014134275618374558,0.6739655575469493,0.77992695793318,0.060404600406234916,0.09628328156758126,2.787878787878788,22544,17795,8773
1,baseline,feasible,PGD,0.05,0.8114797728885734,0.8009226401703335,0.013009729966109107,0.015787099684258007,0.6801215615990026,0.7954794021144732,0.055745978111855124,0.07849377956876756,2.4159663865546217,22544,18294,8868
1,adv_trained,feasible,PGD,0.05,0.7893452803406671,0.7833126330731015,0.007642596234897443,0.014590219993160835,0.6736538611392504,0.779706877113867,0.060183854034060943,0.09114783914827788,2.7573529411764706,22544,17795,8773
1,baseline,feasible,CW-L2,0.05,0.8114797728885734,0.8067334989354152,0.005848912211654094,0.008119079837618403,0.6854204005298838,0.801494373319969,0.03829118163786202,0.04973251004395634,2.046728971962617,22544,18294,8868
1,adv_trained,feasible,CW-L2,0.05,0.7893452803406671,0.7865063875088716,0.0035965158752458556,0.0066111934344010035,0.6791085482739811,0.7836173178078497,0.047903031460009515,0.053207468692192256,1.59375,22544,17795,8773
1,baseline,feasible,RandomSearch,0.05,0.8114797728885734,0.8019428672817601,0.011752487154258227,0.012742444745151104,0.6822255123509702,0.7968145620022753,0.04618734902767248,0.0540840226633906,1.9116279069767441,22544,18294,8868
1,adv_trained,feasible,RandomSearch,0.05,0.7893452803406671,0.7837118523775728,0.007136836189940995,0.013792317337284851,0.6741993298527235,0.7801623083859333,0.05716493986840323,0.06951584464458307,2.251968503937008,22544,17795,8773
1,adv_trained,feasible,Transfer-PGD,0.05,0.7893452803406671,0.7862402413058907,0.0064062939027816805,0.012424484212926024,0.6752902672796696,0.782447745022798,0.0600694273843577,0.09214086225183833,2.7017543859649122,22544,17795,8773
1,baseline,feasible,FGSM,0.1,0.8114797728885734,0.7938254080908446,0.02175576691811523,0.03349120433017591,0.6678874775968207,0.7866911427260211,0.10426583124240439,0.16130872841227842,2.600502512562814,22544,18294,8868
1,adv_trained,feasible,FGSM,0.1,0.7893452803406671,0.7748846699787083,0.018375948300084294,0.0353356890459364,0.659549598690875,0.7693496341407989,0.10450176744286073,0.15765512092719808,2.418960244648318,22544,17795,8773
1,baseline,feasible,PGD,0.1,0.8114797728885734,0.7892565649396736,0.02738602820596917,0.03461885430762291,0.6671082365775735,0.7827915695149271,0.10361097882429283,0.1489638168673157,2.4590818363273454,22544,18294,8868
1,adv_trained,feasible,PGD,0.1,0.7893452803406671,0.7746185237757275,0.018656926102837874,0.03590561951441924,0.6590820540793267,0.7690139564486066,0.1053104022719774,0.16151030539437713,2.6355421686746987,22544,17795,8773
1,baseline,feasible,CW-L2,0.1,0.8114797728885734,0.7989265436479773,0.015469552858860829,0.02165087956698241,0.6760695082989169,0.792871830020562,0.06718854841779483,0.0900651018798379,2.2261484098939928,22544,18294,8868
1,adv_trained,feasible,CW-L2,0.1,0.7893452803406671,0.7801188786373314,0.01168867659454903,0.022341274364527527,0.6683550222083691,0.7758129437836371,0.07517328955089816,0.08520899920501285,1.6971153846153846,22544,17795,8773
1,baseline,feasible,RandomSearch,0.1,0.8114797728885734,0.7924059616749468,0.023504974308516453,0.02706359945872801,0.67232915140653,0.7866520787746171,0.08173913419419943,0.10008465713565011,2.167441860465116,22544,18294,8868
1,adv_trained,feasible,RandomSearch,0.1,0.7893452803406671,0.7758605393896381,0.017083450407417815,0.03305596717200501,0.6610301566274449,0.7705163722239884,0.08771189776445298,0.11345318655364597,2.4835526315789473,22544,17795,8773
1,adv_trained,feasible,Transfer-PGD,0.1,0.7893452803406671,0.7833126330731015,0.01652149480191065,0.03225806451612903,0.662121094054391,0.7767265414324238,0.10406285167044522,0.16733201356463792,2.9183673469387754,22544,17795,8773
1,baseline,feasible,FGSM,0.2,0.8114797728885734,0.7415720369056068,0.08614846397726031,0.06777176364456473,0.6441985506117042,0.7394454382826476,0.2002443506850431,0.32319193678919783,2.7093908629441623,22544,18294,8868
1,adv_trained,feasible,FGSM,0.2,0.7893452803406671,0.7686745919091554,0.026636695701039617,0.04901402028952468,0.6507441751733811,0.762056850846375,0.19997285801587225,0.3025670231543218,2.392405063291139,22544,17795,8773
1,baseline,feasible,PGD,0.2,0.8114797728885734,0.7291518807665011,0.10145402864327102,0.07149300857013983,0.6416270552481883,0.729511827766457,0.20002171709924807,0.30657581571654857,2.7602370689655173,22544,18294,8868
1,adv_trained,feasible,PGD,0.2,0.7893452803406671,0.7669889992902768,0.02849114919921326,0.05129374216345606,0.6485623003194888,0.7601260331521987,0.19938079833514122,0.31558762309427,3.1321499013806706,22544,17795,8773
1,baseline,feasible,CW-L2,0.2,0.8114797728885734,0.7448101490418737,0.08215808461790751,0.055705908885881825,0.6525364295176498,0.7443224745566863,0.15784360559846827,0.21780555735703266,2.713905522288756,22544,18294,8868
1,adv_trained,feasible,CW-L2,0.2,0.7893452803406671,0.7735095812633073,0.020061815116605788,0.036247577795508946,0.6588482817735526,0.768077761627907,0.10364079101830304,0.13141291276981068,2.1904761904761907,22544,17795,8773
1,baseline,feasible,RandomSearch,0.2,0.8114797728885734,0.7531937544357701,0.07182682846835028,0.06100586377988272,0.6488739967271877,0.7495724187595643,0.1732427499836801,0.21990700238701047,2.487062404870624,22544,18294,8868
1,adv_trained,feasible,RandomSearch,0.2,0.7893452803406671,0.768541518807665,0.026355717898286037,0.0485580759147384,0.6504324787656822,0.7618656443957649,0.16266015945657739,0.21342003955516148,2.7334754797441363,22544,17795,8773
1,adv_trained,feasible,Transfer-PGD,0.2,0.7893452803406671,0.7831352022711142,0.022703006462489465,0.041376952011854554,0.6573677238369828,0.7753320159919121,0.20019506524768796,0.3182652476731054,2.967821782178218,22544,17795,8773
2,baseline,unconstrained,FGSM,0.01,0.8008782824698367,0.7705819730305181,0.03782885627250069,0.06549784981806153,0.6604067638120471,0.7662055871982641,0.010000003964025228,0.07433139299724634,55.81405563689605,22544,18055,9069
2,adv_trained,unconstrained,FGSM,0.01,0.7883250532292406,0.7807842441447835,0.009565608822867432,0.017469741950216944,0.6705368970622614,0.7769050198627664,0.010000003463424305,0.08530377429546585,73.8529411764706,22544,17772,8758
2,baseline,unconstrained,PGD,0.01,0.8008782824698367,0.77013839602555,0.03838271946829133,0.0663799757415371,0.6597833709966493,0.7656899981913546,0.010000003943915921,0.07428128441375662,56.343434343434346,22544,18055,9069
2,adv_trained,unconstrained,PGD,0.01,0.7883250532292406,0.7807842441447835,0.009565608822867432,0.017469741950216944,0.6705368970622614,0.7769050198627664,0.010000003430554096,0.08377866035248134,73.58823529411765,22544,17772,8758
2,baseline,unconstrained,CW-L2,0.01,0.8008782824698367,0.77013839602555,0.03838271946829133,0.0663799757415371,0.6597833709966493,0.7656899981913546,0.009494164246329326,0.038421794547623074,38.8023088023088,22544,18055,9069
2,adv_trained,unconstrained,CW-L2,0.01,0.7883250532292406,0.7807842441447835,0.009565608822867432,0.017469741950216944,0.6705368970622614,0.7769050198627664,0.008863557929940083,0.02388304933593773,21.311764705882354,22544,17772,8758
2,baseline,unconstrained,RandomSearch,0.01,0.8008782824698367,0.7962650816181689,0.005760177236222653,0.00959311941779689,0.6999142834878828,0.7963824976725629,0.009861112339422107,0.046628350330229384,65.13461538461539,22544,18055,9069
2,adv_trained,unconstrained,RandomSearch,0.01,0.7883250532292406,0.7853974449964514,0.003713706954760297,0.007079241836035624,0.6776279903374114,0.782366171839856,0.0098549185856951,0.04829644701468461,67.10606060606061,22544,17772,8758
2,adv_trained,unconstrained,Transfer-PGD,0.01,0.7883250532292406,0.7826029098651526,0.00725860904794058,0.013930121032199132,0.6729525442219279,0.7789654083795607,0.010000003602846648,0.07213835558267678,53.02325581395349,22544,17772,8758
2,baseline,unconstrained,FGSM,0.02,0.8008782824698367,0.7130500354861604,0.10966491276654666,0.1398169588708788,0.6078859191147822,0.7069004576140637,0.0200000087965769,0.15794111844620562,63.60353535353536,22544,18055,9069
2,adv_trained,unconstrained,FGSM,0.02,0.7883250532292406,0.7735982966643009,0.018681071348188163,0.0343685773007536,0.659004129977402,0.7681896630029975,0.020000008630555077,0.17035924894301138,74.07831325301204,22544,17772,8758
2,baseline,unconstrained,PGD,0.02,0.8008782824698367,0.6776969481902059,0.15380780947106065,0.14621237181607674,0.6033663212031481,0.6806434599156118,0.020000009234427202,0.16102385420050275,67.5631976953547,22544,18055,9069
2,adv_trained,unconstrained,PGD,0.02,0.7883250532292406,0.7731990773598296,0.0191874859329282,0.035167846540306004,0.6584586612639289,0.7677281606323536,0.020000008642236507,0.16321594784251095,72.10850439882698,22544,17772,8758
2,baseline,unconstrained,CW-L2,0.02,0.8008782824698367,0.6772977288857346,0.15430628634727223,0.14621237181607674,0.6033663212031481,0.6803743245024384,0.019216805519148367,0.10795923335746768,56.27709978463747,22544,18055,9069
2,adv_trained,unconstrained,CW-L2,0.02,0.7883250532292406,0.7732434350603264,0.019131217645734864,0.03505366522036995,0.6585365853658537,0.76778413736713,0.017432575908434743,0.04793813338497545,24.241176470588236,22544,17772,8758
2,baseline,unconstrained,RandomSearch,0.02,0.8008782824698367,0.7919623846699787,0.011132650235391858,0.01709118976733929,0.6946154445570015,0.7917221778133049,0.01973299785466188,0.09354261526976972,65.29353233830845,22544,18055,9069
2,adv_trained,unconstrained,RandomSearch,0.02,0.7883250532292406,0.7824254790631654,0.007483682196713932,0.014158483672071249,0.6727966960180783,0.7787850087944798,0.019743213612110094,0.0941425743094095,65.37593984962406,22544,17772,8758
2,adv_trained,unconstrained,Transfer-PGD,0.02,0.7883250532292406,0.7777235628105039,0.013448120639207743,0.02523407170586892,0.66523805813138,0.7731039166855331,0.0200000091545502,0.14372223520683533,53.7489539748954,22544,17772,8758
2,baseline,unconstrained,FGSM,0.05,0.8008782824698367,0.298083747338538,0.6278039324286901,0.34788841107068036,0.4608431387828255,0.42774482858382756,0.05000001192027165,0.43304962690716337,76.23961182179092,22544,18055,9069
2,adv_trained,unconstrained,FGSM,0.05,0.7883250532292406,0.75,0.048615800135043886,0.09145923726878283,0.6200420790150394,0.7384686774941995,0.05000001190799392,0.4217445823500853,73.11226851851852,22544,17772,8758
2,baseline,unconstrained,PGD,0.05,0.8008782824698367,0.2620209368346345,0.6728330102464691,0.370492887859742,0.44486869788825684,0.40698627695597933,0.05000001191970232,0.41357909836102025,72.71797826802766,22544,18055,9069
2,adv_trained,unconstrained,PGD,0.05,0.7883250532292406,0.7470723917672107,0.05232950708980419,0.09728248458552181,0.6160679498168784,0.7349632797248303,0.05000001190891189,0.3822040443974541,68.65483870967742,22544,17772,8758
2,baseline,unconstrained,CW-L2,0.05,0.8008782824698367,0.26077892122072394,0.6743838271946829,0.370492887859742,0.44486869788825684,0.40658049353701525,0.04667991226017824,0.2089464100969579,59.59403745072273,22544,18055,9069
2,adv_trained,unconstrained,CW-L2,0.05,0.7883250532292406,0.7466288147622427,0.052892189961737564,0.09819593514501028,0.6154445570014806,0.7344244002231728,0.04398787330806335,0.12345880028506936,31.561702127659576,22544,17772,8758
2,baseline,unconstrained,RandomSearch,0.05,0.8008782824698367,0.7688520227111426,0.03998892273608419,0.06263094056676591,0.6624327904620899,0.7654076441723315,0.04927884812861516,0.23280253580160634,65.49030470914127,22544,18055,9069
2,adv_trained,unconstrained,RandomSearch,0.05,0.7883250532292406,0.7714247693399574,0.021438217420661716,0.03939255537794017,0.6555754694927141,0.7655489330724783,0.04929020247493047,0.23344089591140713,65.41994750656168,22544,17772,8758
2,adv_trained,unconstrained,Transfer-PGD,0.05,0.7883250532292406,0.7633960255500355,0.031622777402655865,0.05823247316738982,0.6427179926751344,0.7556573522675217,0.050000011920928955,0.3558522148742109,54.594306049822066,22544,17772,8758
2,baseline,unconstrained,FGSM,0.1,0.8008782824698367,0.1292583392476934,0.8386042647466075,0.6786856323740214,0.22707083300864958,0.22892607431848536,0.10000002383890542,0.8442190806221173,72.73178786077538,22544,18055,9069
2,adv_trained,unconstrained,FGSM,0.1,0.7883250532292406,0.6929559971611071,0.12097681746567635,0.22710664535282027,0.5274682459284656,0.6616813294232649,0.10000002382453098,0.8166790230197726,69.57069767441861,22544,17772,8758
2,baseline,unconstrained,PGD,0.1,0.8008782824698367,0.07824698367636622,0.9022985322625312,0.8060425625758076,0.13706849528559184,0.14478557906000494,0.10000002384185791,0.7993100904745892,68.3898471548708,22544,18055,9069
2,adv_trained,unconstrained,PGD,0.1,0.7883250532292406,0.6636799148332151,0.1581138870132793,0.2501712719799041,0.5117275773396711,0.6340027032245608,0.10000002384185791,0.739678516634598,69.23914590747331,22544,17772,8758
2,baseline,unconstrained,CW-L2,0.1,0.8008782824698367,0.07922285308729596,0.9010800332317918,0.8032859190649465,0.13901659783370995,0.14667434021211873,0.07662060744286489,0.3224949456875235,55.02298850574713,22544,18055,9069
2,adv_trained,unconstrained,CW-L2,0.1,0.7883250532292406,0.6676721078779276,0.1530497411658789,0.24777346426124686,0.5133639834800904,0.6375072575962841,0.08935922929548028,0.24511559703647645,40.23529411764706,22544,17772,8758
2,baseline,unconstrained,RandomSearch,0.1,0.8008782824698367,0.5858321504613201,0.2685128773193021,0.13794244128349323,0.6092106288475025,0.6261162055019421,0.09858066341075154,0.4710503768236923,65.37479372937294,22544,18055,9069
2,adv_trained,unconstrained,RandomSearch,0.1,0.7883250532292406,0.7535929737402413,0.044058068872383525,0.08118291847453757,0.6270552481882646,0.743406161947434,0.09863027239974831,0.4691040258359621,65.83908045977012,22544,17772,8758
2,adv_trained,unconstrained,Transfer-PGD,0.1,0.7883250532292406,0.7085255500354861,0.10122664866081477,0.1888559031742407,0.5535728200732487,0.6837672650271909,0.10000002384185791,0.7025180907943818,53.840466926070036,22544,17772,8758
2,baseline,unconstrained,FGSM,0.2,0.8008782824698367,0.0,1.0,1.0,0.0,0.0,0.20000001299972597,1.6501908839967985,69.96134034893382,22544,18055,9069
2,adv_trained,unconstrained,FGSM,0.2,0.7883250532292406,0.42924946770759403,0.45549178483006975,0.41036766385019413,0.40240006233928155,0.445268376805346,0.20000001305324233,1.6762910379644067,72.31068560840025,22544,17772,8758
2,baseline,unconstrained,PGD,0.2,0.8008782824698367,0.0,1.0,1.0,0.0,0.0,0.20000001117215696,1.5663573777102713,66.36344502907782,22544,18055,9069
2,adv_trained,unconstrained,PGD,0.2,0.7883250532292406,0.16172817601135558,0.7948458248930903,0.5938570449874401,0.27717603054624795,0.27348915884976166,0.20000001219799182,1.4389053789634156,76.65184765680306,22544,17772,8758
2,baseline,unconstrained,CW-L2,0.2,0.8008782824698367,0.0,1.0,1.0,0.0,0.0,0.09992685311712991,0.38534378360629523,52.52323456106342,22544,18055,9069
2,adv_trained,unconstrained,CW-L2,0.2,0.7883250532292406,0.1733498935415188,0.7801035336484358,0.5879196163507651,0.2812280838463337,0.2791831051288002,0.18440641329459312,0.4742283235047767,34.09585978072706,22544,17772,8758
2,baseline,unconstrained,RandomSearch,0.2,0.8008782824698367,0.31192334989354153,0.6105234007200222,0.22692689381409195,0.5463258785942492,0.47477483578248797,0.19701431738850597,0.9343209112582326,65.49732377755602,22544,18055,9069
2,adv_trained,unconstrained,RandomSearch,0.2,0.7883250532292406,0.5448012775017743,0.3089128966914247,0.21317652432062115,0.5369749863632821,0.5731991349193146,0.19722618395912178,0.9378656893315473,65.24608378870674,22544,17772,8758
2,adv_trained,unconstrained,Transfer-PGD,0.2,0.7883250532292406,0.6248669268985095,0.20740490659464325,0.33375199817309886,0.4546871347307722,0.5798181547175436,0.2000000112191271,1.4285262828219687,56.08057514921324,22544,17772,8758
2,baseline,feasible,FGSM,0.01,0.8008782824698367,0.799680624556423,0.0014954306286347272,0.0027566435108611754,0.7047455778072158,0.8002123517961423,0.010134951383979232,0.013589416188708299,1.8518518518518519,22544,18055,9069
2,adv_trained,feasible,FGSM,0.01,0.7883250532292406,0.7881032647267565,0.0002813414359666892,0.00045672527974423386,0.6821475882490454,0.7856405654027373,0.008955660462379455,0.009782552090847246,1.2,22544,17772,8758
2,baseline,feasible,PGD,0.01,0.8008782824698367,0.799680624556423,0.0014954306286347272,0.0027566435108611754,0.7047455778072158,0.8002123517961423,0.010134951383979232,0.013589416188708299,1.8518518518518519,22544,18055,9069
2,adv_trained,feasible,PGD,0.01,0.7883250532292406,0.7881032647267565,0.0002813414359666892,0.00045672527974423386,0.6821475882490454,0.7856405654027373,0.008955660462379455,0.009782552090847246,1.2,22544,17772,8758
2,baseline,feasible,CW-L2,0.01,0.8008782824698367,0.8000798438608943,0.0009969537524231514,0.0017642518469511523,0.7054468947245383,0.8006898686596206,0.0077916574147012495,0.009864902555604925,1.9444444444444444,22544,18055,9069
2,adv_trained,feasible,CW-L2,0.01,0.7883250532292406,0.7881919801277502,0.00016880486158001352,0.00022836263987211693,0.6823034364528949,0.7857495400906358,0.008161251743634542,0.008161251743634542,1.0,22544,17772,8758
2,baseline,feasible,RandomSearch,0.01,0.8008782824698367,0.7998580553584103,0.0012738853503184713,0.0024258462895578345,0.70497935011299,0.80040697160046,0.008136138319969177,0.009915712596458612,1.8695652173913044,22544,18055,9069
2,adv_trained,feasible,RandomSearch,0.01,0.7883250532292406,0.7881032647267565,0.0002813414359666892,0.00045672527974423386,0.6821475882490454,0.7856405654027373,0.007986968755722046,0.008344664549879912,1.4,22544,17772,8758
2,adv_trained,feasible,Transfer-PGD,0.01,0.7883250532292406,0.7884137686302342,0.00022507314877335134,0.0003425439598081754,0.6826930569625185,0.7860218912614391,0.008761797100305557,0.009795411635890296,1.25,22544,17772,8758
2,baseline,feasible,FGSM,0.02,0.8008782824698367,0.7973296664300923,0.004430905566325118,0.008049399051714633,0.701005220914829,0.7974823811001286,0.02599989757873118,0.03362848562003155,2.0,22544,18055,9069
2,adv_trained,feasible,FGSM,0.02,0.7883250532292406,0.7856635911994322,0.00337609723160027,0.006279972596483215,0.6781734590508844,0.7827142728662649,0.030407120659947395,0.03789817148683872,1.8166666666666667,22544,17772,8758
2,baseline,feasible,PGD,0.02,0.8008782824698367,0.7973296664300923,0.004430905566325118,0.008049399051714633,0.701005220914829,0.7974823811001286,0.02599989757873118,0.03371023493468196,2.0125,22544,18055,9069
2,adv_trained,feasible,PGD,0.02,0.7883250532292406,0.7856635911994322,0.00337609723160027,0.006279972596483215,0.6781734590508844,0.7827142728662649,0.030140206590294837,0.036991731170225514,1.7833333333333334,22544,17772,8758
2,baseline,feasible,CW-L2,0.02,0.8008782824698367,0.799237047551455,0.0020492938244253667,0.0036387694343367515,0.704122184991818,0.7997167890963802,0.012930928251227818,0.016193366366063285,1.7567567567567568,22544,18055,9069
2,adv_trained,feasible,CW-L2,0.02,0.7883250532292406,0.7876153300212917,0.0009002925950934053,0.00148435715916876,0.6814462713317229,0.7850794505790466,0.02232561819255352,0.022925472287456415,1.125,22544,17772,8758
2,baseline,feasible,RandomSearch,0.02,0.8008782824698367,0.7978619588360539,0.00376626973137635,0.006726210166501268,0.7019403101379257,0.7981216497585611,0.019806449520675576,0.02216025062559819,1.5735294117647058,22544,18055,9069
2,adv_trained,feasible,RandomSearch,0.02,0.7883250532292406,0.7859740951029098,0.0029822192212469053,0.005709065996802923,0.6785630795605081,0.7830583157232139,0.02865151822004678,0.03038441222949289,1.490566037735849,22544,17772,8758
2,adv_trained,feasible,Transfer-PGD,0.02,0.7883250532292406,0.7863733144073811,0.0032635606572135943,0.006165791276547157,0.6793423205797553,0.783570016178321,0.030949860682775235,0.03963091114763813,2.0344827586206895,22544,17772,8758
2,baseline,feasible,FGSM,0.05,0.8008782824698367,0.7888129879347054,0.0150650789255054,0.028338295291652882,0.6866671861606795,0.7873129327674783,0.06103106742889127,0.09398127831608337,2.8676470588235294,22544,18055,9069
2,adv_trained,feasible,FGSM,0.05,0.7883250532292406,0.7787437899219305,0.012153950033760972,0.022722082667275635,0.666952388373724,0.7743599022889713,0.06192355308060845,0.09884307738030787,3.134259259259259,22544,17772,8758
2,baseline,feasible,PGD,0.05,0.8008782824698367,0.7888129879347054,0.0150650789255054,0.028338295291652882,0.6866671861606795,0.7873129327674783,0.0609530546455918,0.0940382026295395,2.886029411764706,22544,18055,9069
2,adv_trained,feasible,PGD,0.05,0.7883250532292406,0.77861071682044,0.012322754895340985,0.02306462662708381,0.6667186160679498,0.7741935483870968,0.06187054104932911,0.09779726009571822,3.1095890410958904,22544,17772,8758
2,baseline,feasible,CW-L2,0.05,0.8008782824698367,0.7937810503903477,0.008861811132650235,0.016539861065167052,0.6950050650666251,0.793258327033397,0.04181064530275762,0.053894191361809084,2.19375,22544,18055,9069
2,adv_trained,feasible,CW-L2,0.05,0.7883250532292406,0.7819375443577005,0.008102633355840648,0.015186115551495774,0.6720953791007559,0.7782188938013174,0.045829321542340845,0.04890077548411645,1.3541666666666667,22544,17772,8758
2,baseline,feasible,RandomSearch,0.05,0.8008782824698367,0.790055003548616,0.013514261977291608,0.02547138604035726,0.6886932128107224,0.7887902182158953,0.05399324450275449,0.06578111130969153,2.192622950819672,22544,18055,9069
2,adv_trained,feasible,RandomSearch,0.05,0.7883250532292406,0.779320440028389,0.01142246230024758,0.021351906828042933,0.6678874775968207,0.7750599086675408,0.05027480759277132,0.06149690374332134,2.1576354679802954,22544,17772,8758
2,adv_trained,feasible,Transfer-PGD,0.05,0.7883250532292406,0.7807398864442867,0.010072023407607473,0.019068280429321762,0.670069352450713,0.7767490176595456,0.06256649584910057,0.09368243744363491,2.899441340782123,22544,17772,8758
2,baseline,feasible,FGSM,0.1,0.8008782824698367,0.7747515968772178,0.03262254223206868,0.06108722020068365,0.6635237278890361,0.7703093902659671,0.10567856443403938,0.1719348032325175,2.8556876061120544,22544,18055,9069
2,adv_trained,feasible,FGSM,0.1,0.7883250532292406,0.7735539389638041,0.0187373396353815,0.03482530258049783,0.6586924335697031,0.7680705101994457,0.10578285054759579,0.17025825884007795,2.90990990990991,22544,17772,8758
2,baseline,feasible,PGD,0.1,0.8008782824698367,0.7738644428672817,0.03373026862364996,0.06296173778806925,0.6621990181563158,0.7692586222503848,0.10568354007205352,0.17400317483317257,2.9950738916256157,22544,18055,9069
2,adv_trained,feasible,PGD,0.1,0.7883250532292406,0.772444996451384,0.020144046815214946,0.037451472939027175,0.6569001792254344,0.7667121418826739,0.1052207327421817,0.1658941308854624,2.9664804469273744,22544,17772,8758
2,baseline,feasible,CW-L2,0.1,0.8008782824698367,0.7810503903477644,0.024757684851841596,0.045870548020729957,0.6742772539546482,0.7780775110151965,0.07317088771886474,0.10682746901531752,2.5838926174496644,22544,18055,9069
2,adv_trained,feasible,CW-L2,0.1,0.7883250532292406,0.7773687012065295,0.013898266936754446,0.025576615665677094,0.6650042858256059,0.7727622583420112,0.06921554948033591,0.08180948120324719,1.9271255060728745,22544,17772,8758
2,baseline,feasible,RandomSearch,0.1,0.8008782824698367,0.7817157558552165,0.023926890058155636,0.044437093395082145,0.6752902672796696,0.7788612771311734,0.08707433696663766,0.11466569230122267,2.553240740740741,22544,18055,9069
2,adv_trained,feasible,RandomSearch,0.1,0.7883250532292406,0.7735539389638041,0.0187373396353815,0.03482530258049783,0.6586924335697031,0.7680705101994457,0.08418497433130806,0.10800614870123182,2.4804804804804803,22544,17772,8758
2,adv_trained,feasible,Transfer-PGD,0.1,0.7883250532292406,0.7760379701916252,0.016430339860454647,0.03048641242292761,0.6628224109717136,0.7711345813879698,0.10268719341248682,0.16925730689122165,2.9794520547945207,22544,17772,8758
2,baseline,feasible,FGSM,0.2,0.8008782824698367,0.7152235628105039,0.10695098310717253,0.10331899878707686,0.6336787968518662,0.7169811320754716,0.20021715310726804,0.31123407818777193,2.4697048161574315,22544,18055,9069
2,adv_trained,feasible,FGSM,0.2,0.7883250532292406,0.7680535841022001,0.02571460724735539,0.04395980817538251,0.652458505415725,0.7620477815699659,0.2001311575231719,0.3295931093783805,2.8446389496717726,22544,17772,8758
2,baseline,feasible,PGD,0.2,0.8008782824698367,0.6926011355571328,0.13519800609249516,0.1125813209835704,0.6271331722901894,0.6990358724919656,0.20024038258816365,0.3305476672934147,3.0364604670217124,22544,18055,9069
2,adv_trained,feasible,PGD,0.2,0.7883250532292406,0.7649041873669269,0.029709655638082377,0.05046814341173784,0.6480168316060158,0.75834397227795,0.19689405399064222,0.3100000853563298,3.087121212121212,22544,17772,8758
2,baseline,feasible,CW-L2,0.2,0.8008782824698367,0.7006742370475515,0.12511769592910552,0.0942772080714522,0.6400685732096938,0.7088367276492924,0.15562252169817145,0.22213329346142402,2.767596281540505,22544,18055,9069
2,adv_trained,feasible,CW-L2,0.2,0.7883250532292406,0.7708924769339958,0.022113436866981768,0.03722311029915506,0.6570560274292839,0.7655363384629352,0.10044112312429734,0.12551368967069748,2.3740458015267176,22544,17772,8758
2,baseline,feasible,RandomSearch,0.2,0.8008782824698367,0.7221433640880057,0.09831071725283855,0.0980262432462234,0.6374191537442531,0.7231258840169731,0.17737157253732144,0.23136852458771154,2.6777464788732392,22544,18055,9069
2,adv_trained,feasible,RandomSearch,0.2,0.7883250532292406,0.7667228530872959,0.027402655863155524,0.04658597853391185,0.6506662510714564,0.7605082198642925,0.16028445249220674,0.20652406651304014,2.6899383983572895,22544,17772,8758
2,adv_trained,feasible,Transfer-PGD,0.2,0.7883250532292406,0.7715578424414479,0.023182534323655187,0.03859328613838776,0.6586924335697031,0.7665034457743924,0.20027445327237392,0.34016959441806743,3.3300970873786406,22544,17772,8758
3,baseline,unconstrained,FGSM,0.01,0.8139638041163946,0.7664123491838183,0.058419618528610356,0.05989699955217197,0.6543286838619184,0.7612873980054398,0.010000004487828031,0.08013354510998173,65.33675373134328,22544,18350,8932
3,adv_trained,unconstrained,FGSM,0.01,0.7916075230660042,0.7849982256919801,0.008349209906981956,0.016043384928256695,0.6786410036624327,0.7823040646754996,0.010000004333087661,0.07803966925958045,61.993288590604024,22544,17846,8851
3,baseline,unconstrained,PGD,0.01,0.8139638041163946,0.7656139105748758,0.05940054495912807,0.06135244066278549,0.6533156705368971,0.7603845456194449,0.010000004476671098,0.07948802317582433,64.81284403669724,22544,18350,8932
3,adv_trained,unconstrained,PGD,0.01,0.7916075230660042,0.7849095102909865,0.008461279838619298,0.0161563665122585,0.6785630795605081,0.7822142375926342,0.010000004223393684,0.07690990032790342,62.311258278145694,22544,17846,8851
3,baseline,unconstrained,CW-L2,0.01,0.8139638041163946,0.7656582682753726,0.05934604904632153,0.061240483654276756,0.6533935946388217,0.760440756359679,0.009493754220967368,0.03802083658402,46.725436179981635,22544,18350,8932
3,adv_trained,unconstrained,CW-L2,0.01,0.7916075230660042,0.7849095102909865,0.008461279838619298,0.0161563665122585,0.6785630795605081,0.7822142375926342,0.008935445685260343,0.02481870311261439,19.304635761589402,22544,17846,8851
3,baseline,unconstrained,RandomSearch,0.01,0.8139638041163946,0.8022533711852378,0.014386920980926431,0.006941334527541424,0.6911867840723136,0.7991710964951797,0.00985083841563513,0.046303262113451336,64.31060606060606,22544,18350,8932
3,adv_trained,unconstrained,RandomSearch,0.01,0.7916075230660042,0.7893896380411639,0.0028017482909335426,0.005197152864083155,0.6861217174472064,0.7876375346632079,0.009863904081285,0.04680169656265018,64.6,22544,17846,8851
3,adv_trained,unconstrained,Transfer-PGD,0.01,0.7916075230660042,0.7869056068133428,0.00593970637677911,0.011298158400180771,0.6819138159432713,0.7846319375952658,0.010000004485811828,0.07220083042347689,52.679245283018865,22544,17846,8851
3,baseline,unconstrained,FGSM,0.02,0.8139638041163946,0.692068843151171,0.14975476839237056,0.12987012987012986,0.6056261201589652,0.6912745708440807,0.02000000767594168,0.16465132484258704,69.06622998544395,22544,18350,8932
3,adv_trained,unconstrained,FGSM,0.02,0.7916075230660042,0.7772799858055358,0.018099293959430683,0.03389447520054231,0.6663289955583261,0.7730416308818876,0.020000009252560028,0.15565079097602888,62.06191950464396,22544,17846,8851
3,baseline,unconstrained,PGD,0.02,0.8139638041163946,0.6803584102200142,0.164141689373297,0.1416256157635468,0.597444089456869,0.680301685891748,0.02000000772337277,0.16278688559951907,69.10325365205843,22544,18350,8932
3,adv_trained,unconstrained,PGD,0.02,0.7916075230660042,0.7769251242015613,0.018547573685980052,0.034685346288554963,0.6657835268448531,0.7726183478771985,0.02000000913067527,0.15223192900017923,63.06344410876133,22544,17846,8851
3,baseline,unconstrained,CW-L2,0.02,0.8139638041163946,0.6804914833215047,0.1639782016348774,0.14151365875503807,0.5975220135587938,0.6804206042859045,0.01896636566919751,0.09794095002240312,54.892987703555995,22544,18350,8932
3,adv_trained,unconstrained,CW-L2,0.02,0.7916075230660042,0.7769251242015613,0.018547573685980052,0.034685346288554963,0.6657835268448531,0.7726183478771985,0.017613748192584586,0.04895188113619066,22.604229607250755,22544,17846,8851
3,baseline,unconstrained,RandomSearch,0.02,0.8139638041163946,0.787304826117814,0.03275204359673024,0.018360949395432154,0.6832385256759916,0.7852760736196319,0.019691666867119102,0.09322158058111737,64.846921797005,22544,18350,8932
3,adv_trained,unconstrained,RandomSearch,0.02,0.7916075230660042,0.7865063875088716,0.0064440210691471475,0.012202011072195233,0.6812904231278735,0.7841607246961747,0.01972384728167368,0.09465477109755616,65.96521739130435,22544,17846,8851
3,adv_trained,unconstrained,Transfer-PGD,0.02,0.7916075230660042,0.7820706174591909,0.012047517651014233,0.022935261552366963,0.6738876334450246,0.7787833761087847,0.020000009360008463,0.1434053802309043,52.75813953488372,22544,17846,8851
3,baseline,unconstrained,FGSM,0.05,0.8139638041163946,0.29786195883605393,0.6340599455040872,0.3028437080161218,0.48523338268526456,0.44033518367924196,0.05000001191996842,0.4375920951173657,77.68354103996562,22544,18350,8932
3,adv_trained,unconstrained,FGSM,0.05,0.7916075230660042,0.7574520936834634,0.04314692368037656,0.08123375889729974,0.6336787968518662,0.748389471746733,0.050000011920928955,0.37520482287815743,57.984415584415586,22544,17846,8851
3,baseline,unconstrained,PGD,0.05,0.8139638041163946,0.2506210078069553,0.6920980926430518,0.3769592476489028,0.4336476272110964,0.3971595775049957,0.050000011920928955,0.417195879203709,74.26543307086614,22544,18350,8932
3,adv_trained,unconstrained,PGD,0.05,0.7916075230660042,0.7559882895670689,0.044996077552392696,0.08338040899333408,0.6321982389152965,0.7468127214985962,0.050000011920928955,0.35459737405758157,58.67247820672478,22544,17846,8851
3,baseline,unconstrained,CW-L2,0.05,0.8139638041163946,0.25031050390347764,0.6924795640326975,0.3777429467084639,0.4331021584976233,0.39675911054002927,0.04624691877199408,0.23150696388988187,61.98229322420713,22544,18350,8932
3,adv_trained,unconstrained,CW-L2,0.05,0.7916075230660042,0.7558552164655784,0.045164182449848704,0.08326742740933228,0.6322761630172212,0.7467329284005154,0.042720447538221816,0.10022020834971507,24.073200992555833,22544,17846,8851
3,baseline,unconstrained,RandomSearch,0.05,0.8139638041163946,0.7653034066713982,0.05978201634877384,0.05172413793103448,0.6600171433024234,0.7619990103908956,0.049246188286698696,0.2323601549704617,64.55150410209663,22544,18350,8932
3,adv_trained,unconstrained,RandomSearch,0.05,0.7916075230660042,0.7767033356990773,0.018827748515073406,0.0351372726245622,0.6654718304371542,0.7723614000180881,0.04937045830800863,0.2349751530721151,65.52380952380952,22544,17846,8851
3,adv_trained,unconstrained,Transfer-PGD,0.05,0.7916075230660042,0.7631298793470547,0.03597444805558669,0.0674500056490792,0.6431855372866828,0.755584035151959,0.050000011920928955,0.35157180976581415,52.54984423676012,22544,17846,8851
3,baseline,unconstrained,FGSM,0.1,0.8139638041163946,0.10180092264017034,0.8749318801089918,0.7430586654724586,0.1788358139172446,0.18479004790853093,0.10000002384046572,0.8349509075784427,71.40479601370289,22544,18350,8932
3,adv_trained,unconstrained,FGSM,0.1,0.7916075230660042,0.6980127750177431,0.1182337778773955,0.2052875381312846,0.5481181329385179,0.6738838858018777,0.10000002382067143,0.7582052209375234,60.191943127962084,22544,17846,8851
3,baseline,unconstrained,PGD,0.1,0.8139638041163946,0.08632008516678495,0.8939509536784741,0.7821316614420063,0.15164030234551545,0.15892200898325848,0.10000002384185791,0.7931852670595954,68.91416727627409,22544,18350,8932
3,adv_trained,unconstrained,PGD,0.1,0.7916075230660042,0.6174591909155429,0.21999327580410177,0.2316122472037058,0.5299618171900569,0.6119859623863944,0.1000000238380624,0.7931031419559774,77.81151299032094,22544,17846,8851
3,baseline,unconstrained,CW-L2,0.1,0.8139638041163946,0.08640880056777857,0.893841961852861,0.7819077474249888,0.1517961505493649,0.1590723501551527,0.07943171873971921,0.30954516795058595,56.2319839044019,22544,18350,8932
3,adv_trained,unconstrained,CW-L2,0.1,0.7916075230660042,0.616305890702626,0.2214501849153872,0.22957857869167325,0.531364451024702,0.6118987796123474,0.09278528578520512,0.4033426980590122,62.449645748987855,22544,17846,8851
3,baseline,unconstrained,RandomSearch,0.1,0.8139638041163946,0.6072569198012775,0.2539509536784741,0.12326466636811464,0.610223642172524,0.6388480992005221,0.09856663403299122,0.47030679842742423,65.14334763948497,22544,18350,8932
3,adv_trained,unconstrained,RandomSearch,0.1,0.7916075230660042,0.7609119943222143,0.03877619634652023,0.07129137950514067,0.6405361178212421,0.7530920751259734,0.09853687056211076,0.4671199768008217,65.36271676300578,22544,17846,8851
3,adv_trained,unconstrained,Transfer-PGD,0.1,0.7916075230660042,0.7326561391057488,0.07447046957301356,0.1347870297141566,0.5967427725395464,0.7176123319121023,0.10000002384185791,0.6896305615423178,51.52821670428894,22544,17846,8851
3,baseline,unconstrained,FGSM,0.2,0.8139638041163946,0.0017743080198722497,0.9978201634877384,0.9955217196596506,0.0031169640769890127,0.003542330853701736,0.2000000125972187,1.6386775609651159,69.31480065537957,22544,18350,8932
3,adv_trained,unconstrained,FGSM,0.2,0.7916075230660042,0.4660663591199432,0.4112406141432254,0.3770195458140323,0.4296734980129354,0.4781270323000217,0.2000000120267132,1.7482847137876016,79.68742335468048,22544,17846,8851
3,baseline,unconstrained,PGD,0.2,0.8139638041163946,0.0,1.0,1.0,0.0,0.0,0.20000001055820354,1.562708253377191,66.19482288828338,22544,18350,8932
3,adv_trained,unconstrained,PGD,0.2,0.7916075230660042,0.17938254080908445,0.7733945982292951,0.5574511354649192,0.3052287072391491,0.29748613959140274,0.20000001249359584,1.5401415742922393,79.68323431386756,22544,17846,8851
3,baseline,unconstrained,CW-L2,0.2,0.8139638041163946,0.0,1.0,1.0,0.0,0.0,0.10358066622523099,0.3711891161196459,54.227847411444145,22544,18350,8932
3,adv_trained,unconstrained,CW-L2,0.2,0.7916075230660042,0.19783534421575585,0.750084052448728,0.5418596768726698,0.31598223330476116,0.3096128884477361,0.18673405701456092,0.465404348680921,31.082474226804123,22544,17846,8851
3,baseline,unconstrained,RandomSearch,0.2,0.8139638041163946,0.31272178850248405,0.6158038147138964,0.21865203761755486,0.543832307332658,0.4739236724161347,0.19710597768574295,0.9375096145849622,65.64185840707965,22544,18350,8932
3,adv_trained,unconstrained,RandomSearch,0.2,0.7916075230660042,0.5193399574166075,0.34394262019500166,0.18223929499491584,0.5640146497311619,0.5719026548672567,0.19717595807708188,0.9363668098087363,64.96643857934181,22544,17846,8851
3,adv_trained,unconstrained,Transfer-PGD,0.2,0.7916075230660042,0.6674059616749468,0.15689790429227837,0.24392723985990283,0.5214680900802618,0.6409347763624174,0.20000001185174499,1.4198675236082776,55.026785714285715,22544,17846,8851
3,baseline,feasible,FGSM,0.01,0.8139638041163946,0.8136533002129169,0.00038147138964577656,0.0006717420510523958,0.6955505337800982,0.8095043758218836,0.010170304349490575,0.012867849181821753,1.7142857142857142,22544,18350,8932
3,adv_trained,feasible,FGSM,0.01,0.7916075230660042,0.791208303761533,0.0005043146923680376,0.0006778895040108463,0.6892386815241954,0.7898379247220609,0.011916627486546835,0.01628366732846861,2.4444444444444446,22544,17846,8851
3,baseline,feasible,PGD,0.01,0.8139638041163946,0.8136533002129169,0.00038147138964577656,0.0006717420510523958,0.6955505337800982,0.8095043758218836,0.010170304349490575,0.012867849181821753,1.7142857142857142,22544,18350,8932
3,adv_trained,feasible,PGD,0.01,0.7916075230660042,0.791208303761533,0.0005043146923680376,0.0006778895040108463,0.6892386815241954,0.7898379247220609,0.011916627486546835,0.01628366732846861,2.4444444444444446,22544,17846,8851
3,baseline,feasible,CW-L2,0.01,0.8139638041163946,0.8138307310149042,0.00016348773841961853,0.0002239140170174653,0.6958622301877971,0.809720270209004,0.005785768230756124,0.006005779712704966,1.3333333333333333,22544,18350,8932
3,adv_trained,feasible,CW-L2,0.01,0.7916075230660042,0.7913857345635202,0.00028017482909335425,0.00022596316800361542,0.6895503779318943,0.790054015445739,0.010022705793380738,0.011309887442880607,1.4,22544,17846,8851
3,baseline,feasible,RandomSearch,0.01,0.8139638041163946,0.8136533002129169,0.00038147138964577656,0.0006717420510523958,0.6955505337800982,0.8095043758218836,0.008343473076820374,0.009194847440478488,1.2857142857142858,22544,18350,8932
3,adv_trained,feasible,RandomSearch,0.01,0.7916075230660042,0.791208303761533,0.0005043146923680376,0.0006778895040108463,0.6892386815241954,0.7898379247220609,0.009562194347381592,0.010971124893455805,1.7777777777777777,22544,17846,8851
3,adv_trained,feasible,Transfer-PGD,0.01,0.7916075230660042,0.7912970191625266,0.0005043146923680376,0.0006778895040108463,0.6893945297280449,0.789945979731238,0.01095449427763621,0.014957789531701396,2.111111111111111,22544,17846,8851
3,baseline,feasible,FGSM,0.02,0.8139638041163946,0.8114797728885734,0.0030517711171662125,0.005709807433945365,0.6920439491934856,0.8069234962747592,0.029206510234091963,0.0399892985975473,2.0357142857142856,22544,18350,8932
3,adv_trained,feasible,FGSM,0.02,0.7916075230660042,0.7885911994322214,0.0038103776756696177,0.007230821376115693,0.6847190836125614,0.7866606982990152,0.03120370554354261,0.03895931736525199,2.161764705882353,22544,17846,8851
3,baseline,feasible,PGD,0.02,0.8139638041163946,0.8114797728885734,0.0030517711171662125,0.005709807433945365,0.6920439491934856,0.8069234962747592,0.029206510234091963,0.039811122694177484,2.017857142857143,22544,18350,8932
3,adv_trained,feasible,PGD,0.02,0.7916075230660042,0.7885468417317246,0.0038664126414882888,0.007343802960117501,0.6846411595106366,0.7866063834549443,0.03122762606843658,0.03820604474146475,2.1159420289855073,22544,17846,8851
3,baseline,feasible,CW-L2,0.02,0.8139638041163946,0.8136089425124201,0.00043596730245231606,0.0006717420510523958,0.6955505337800982,0.8094676702638977,0.017667314037680626,0.01902075919170073,1.5,22544,18350,8932
3,adv_trained,feasible,CW-L2,0.02,0.7916075230660042,0.7908534421575586,0.0009525944189174044,0.001581742176025308,0.6886152887087976,0.789405511635178,0.02594217789523742,0.028683963577438975,1.8823529411764706,22544,17846,8851
3,baseline,feasible,RandomSearch,0.02,0.8139638041163946,0.8119233498935415,0.0025068119891008176,0.0048141513658755035,0.6926673420088834,0.8074302843128349,0.027712600224691887,0.02880609746577051,1.3043478260869565,22544,18350,8932
3,adv_trained,feasible,RandomSearch,0.02,0.7916075230660042,0.7888573456352023,0.003474167880757593,0.006552931872104847,0.6851866282241097,0.7869864852770071,0.03027917522816889,0.032123080469874936,1.6290322580645162,22544,17846,8851
3,adv_trained,feasible,Transfer-PGD,0.02,0.7916075230660042,0.7890791341376863,0.0033620979491202512,0.0064399502881030395,0.6854983246318086,0.7872388026309902,0.031013628654181957,0.036816718894274535,1.75,22544,17846,8851
3,baseline,feasible,FGSM,0.05,0.8139638041163946,0.8044268985095813,0.011716621253405994,0.020488132557098075,0.6817579677394218,0.798740128725978,0.05994249017432678,0.09120135942966381,2.7953488372093025,22544,18350,8932
3,adv_trained,feasible,FGSM,0.05,0.7916075230660042,0.7825141944641589,0.011487167992827525,0.022483335216359732,0.6741993298527235,0.7792137614265772,0.06201052311353567,0.095522457980762,2.9804878048780488,22544,17846,8851
3,baseline,feasible,PGD,0.05,0.8139638041163946,0.8043381831085876,0.011825613079019073,0.02071204657411554,0.6816021195355724,0.7986304496690253,0.05899498874347331,0.08918753724503783,2.737327188940092,22544,18350,8932
3,adv_trained,feasible,PGD,0.05,0.7916075230660042,0.7823811213626686,0.011655272890283537,0.022822279968365156,0.6739655575469493,0.7790488200324266,0.0614682632820824,0.09417879527663092,3.0,22544,17846,8851
3,baseline,feasible,CW-L2,0.05,0.8139638041163946,0.8090400993612491,0.0060490463215258855,0.010076130765785939,0.6890049092184213,0.8042202919641639,0.04348776922435374,0.05512312640715656,1.9639639639639639,22544,18350,8932
3,adv_trained,feasible,CW-L2,0.05,0.7916075230660042,0.7861515259048971,0.006892300795696514,0.013218845328211501,0.6805891062105509,0.7837049665754408,0.04546935323292647,0.05350040566987629,1.7642276422764227,22544,17846,8851
3,baseline,feasible,RandomSearch,0.05,0.8139638041163946,0.8062455642299503,0.009482288828337874,0.016457680250783698,0.6845632354087119,0.8008934269304403,0.05232600182637401,0.06449555111323108,2.103448275862069,22544,18350,8932
3,adv_trained,feasible,RandomSearch,0.05,0.7916075230660042,0.7839336408800568,0.009694049086630057,0.018867924528301886,0.6766929011143147,0.7809703673726337,0.05321568239889393,0.0652395471394349,2.2254335260115607,22544,17846,8851
3,adv_trained,feasible,Transfer-PGD,0.05,0.7916075230660042,0.7858410220014195,0.007508685419701894,0.014574624336233194,0.6799657133951531,0.7833034111310593,0.05430942910042272,0.07571177932967214,2.156716417910448,22544,17846,8851
3,baseline,feasible,FGSM,0.1,0.8139638041163946,0.7922728885734563,0.02664850136239782,0.045230631437527986,0.6645367412140575,0.7845807074842449,0.10430509825608482,0.16795852612106832,2.766871165644172,22544,18350,8932
3,adv_trained,feasible,FGSM,0.1,0.7916075230660042,0.7747959545777147,0.021237252045276253,0.04010846232064173,0.6620431699524663,0.7699487969550047,0.10415045586770946,0.17458739212197616,3.0079155672823217,22544,17846,8851
3,baseline,feasible,PGD,0.1,0.8139638041163946,0.7911639460610362,0.02801089918256131,0.04668607254814151,0.6635237278890361,0.7834207378783696,0.1040846332037959,0.16780591496262068,2.8365758754863815,22544,18350,8932
3,adv_trained,feasible,PGD,0.1,0.7916075230660042,0.7743967352732435,0.02174156673764429,0.04078635182465258,0.661575625340918,0.769509652859603,0.10388618515631587,0.17324429135331856,3.170103092783505,22544,17846,8851
3,baseline,feasible,CW-L2,0.1,0.8139638041163946,0.7987934705464869,0.018637602179836513,0.030564263322884012,0.6747447985661965,0.7924407431133889,0.07052838467932933,0.09660932550407093,2.2982456140350878,22544,18350,8932
3,adv_trained,feasible,CW-L2,0.1,0.7916075230660042,0.7782558552164656,0.016866524711419927,0.031634843520506155,0.6678874775968207,0.7742197732713066,0.06582721691591004,0.08949245520294583,2.521594684385382,22544,17846,8851
3,baseline,feasible,RandomSearch,0.1,0.8139638041163946,0.7959545777146912,0.02212534059945504,0.03694581280788178,0.6703031247564872,0.7890295358649789,0.08735487764251643,0.11383453643526738,2.4261083743842367,22544,18350,8932
3,adv_trained,feasible,RandomSearch,0.1,0.7916075230660042,0.775195173882186,0.020732937352908216,0.03909162806462547,0.6627444868697888,0.7704502219403931,0.08616854816272453,0.1148111079177969,2.691891891891892,22544,17846,8851
3,adv_trained,feasible,Transfer-PGD,0.1,0.7916075230660042,0.7771025550035486,0.018883783480892077,0.03536323579256581,0.666095223252552,0.7728402875096062,0.10059482257161013,0.14601430575529273,2.2729970326409497,22544,17846,8851
3,baseline,feasible,FGSM,0.2,0.8139638041163946,0.7409953867991483,0.08986376021798365,0.08945364979847739,0.6339904932595651,0.7359232960969653,0.1989942870993481,0.3084631096981682,2.4487568223165557,22544,18350,8932
3,adv_trained,feasible,FGSM,0.2,0.7916075230660042,0.7656582682753726,0.03328476969629048,0.05219749180883516,0.6544066079638432,0.7607228588251279,0.20007655227726157,0.3228154664859803,2.708754208754209,22544,17846,8851
3,baseline,feasible,PGD,0.2,0.8139638041163946,0.7287970191625266,0.10463215258855586,0.09684281236005374,0.6286137302267591,0.7251887810140237,0.19899352290667593,0.3181985539319054,2.8984375,22544,18350,8932
3,adv_trained,feasible,PGD,0.2,0.7916075230660042,0.7631298793470547,0.03597444805558669,0.0556999209128912,0.6512896438868542,0.7578890097932536,0.1989197395509834,0.3242661991873496,3.2803738317757007,22544,17846,8851
3,baseline,feasible,CW-L2,0.2,0.8139638041163946,0.7396646557842441,0.09128065395095368,0.07702642185400806,0.6424062962674355,0.7374871404929105,0.1492433642785051,0.2147541136045828,2.5928358208955222,22544,18350,8932
3,adv_trained,feasible,CW-L2,0.2,0.7916075230660042,0.7688963804116394,0.028689902499159474,0.042707038752683314,0.6602509156081976,0.7648492507672865,0.11139350837038364,0.13645693891938165,2.30078125,22544,17846,8851
3,baseline,feasible,RandomSearch,0.2,0.8139638041163946,0.7504879347054648,0.07798365122615804,0.08240035826242723,0.6386659393750487,0.7445156015805968,0.17672663665448846,0.23177688717272912,2.642208245981831,22544,18350,8932
3,adv_trained,feasible,RandomSearch,0.2,0.7916075230660042,0.7657469836763662,0.0326683850722851,0.051519602304824316,0.654172835658069,0.7607267455031489,0.16560457510103696,0.21538685273338856,2.770154373927959,22544,17846,8851
3,adv_trained,feasible,Transfer-PGD,0.2,0.7916075230660042,0.7681866572036906,0.030707161268631628,0.04620946785673935,0.6593937504870256,0.7640632054176072,0.19679388548009588,0.3014943491136652,2.6386861313868613,22544,17846,8851
4,baseline,unconstrained,FGSM,0.01,0.7863289567068843,0.7468506032647267,0.05020590060359903,0.04777992277992278,0.6149770123899322,0.7344469778046624,0.010000004911313901,0.08043460910708657,65.8505617977528,22544,17727,8288
4,adv_trained,unconstrained,FGSM,0.01,0.7924059616749468,0.7857966643009227,0.008340797133900582,0.015445321307779031,0.6805111821086262,0.7834043507512896,0.010000003851800157,0.07605202621751175,58.69798657718121,22544,17864,8870
4,baseline,unconstrained,PGD,0.01,0.7863289567068843,0.7464957416607523,0.050657189597788685,0.04826254826254826,0.6146653159822333,0.7340747289563073,0.010000004909127818,0.08022806607942311,65.80289532293986,22544,17727,8288
4,adv_trained,unconstrained,PGD,0.01,0.7924059616749468,0.785707948899929,0.008452754142409315,0.015670800450958287,0.6803553339047768,0.7832952047727987,0.01000000387183483,0.0758140585920667,60.966887417218544,22544,17864,8870
4,baseline,unconstrained,CW-L2,0.01,0.7863289567068843,0.7464957416607523,0.050657189597788685,0.04826254826254826,0.6146653159822333,0.7340747289563073,0.009575914335903818,0.03894959363191107,47.770601336302896,22544,17727,8288
4,adv_trained,unconstrained,CW-L2,0.01,0.7924059616749468,0.785707948899929,0.008452754142409315,0.015670800450958287,0.6803553339047768,0.7832952047727987,0.00840163174924126,0.021794826397497163,17.986754966887418,22544,17864,8870
4,baseline,unconstrained,RandomSearch,0.01,0.7863289567068843,0.77013839602555,0.020590060359902972,0.008204633204633204,0.6405361178212421,0.7603366941078531,0.009861859103843365,0.046669716742032304,64.12328767123287,22544,17727,8288
4,adv_trained,unconstrained,RandomSearch,0.01,0.7924059616749468,0.7893009226401704,0.003918495297805642,0.007215332581736189,0.6861996415491312,0.7875860835345676,0.009863221046647856,0.04659745499777625,66.0,22544,17864,8870
4,adv_trained,unconstrained,Transfer-PGD,0.01,0.7924059616749468,0.7868612491128459,0.006997313031795791,0.012965050732807215,0.6822255123509702,0.7846739861079991,0.010000004008412361,0.07129274542679578,51.448,22544,17864,8870
4,baseline,unconstrained,FGSM,0.02,0.7863289567068843,0.7146469127040455,0.09116037682631015,0.1147442084942085,0.5717291358217097,0.6952195953948926,0.02000000573104561,0.1553585501347812,61.649133663366335,22544,17727,8288
4,adv_trained,unconstrained,FGSM,0.02,0.7924059616749468,0.7784332860184529,0.01763322884012539,0.032807215332581734,0.6685108704122185,0.7745226380174243,0.020000008753840885,0.14921509550013168,56.666666666666664,22544,17864,8870
4,baseline,unconstrained,PGD,0.02,0.7863289567068843,0.7106103619588361,0.09629378913521747,0.11981177606177607,0.5684563235408712,0.6910107037984276,0.02000000584362087,0.15361328671154953,61.4622144112478,22544,17727,8288
4,adv_trained,unconstrained,PGD,0.02,0.7924059616749468,0.7763928317955997,0.020208240035826244,0.037880496054115,0.6650042858256059,0.7719933058935275,0.020000008737198864,0.1457669137186899,58.26592797783933,22544,17864,8870
4,baseline,unconstrained,CW-L2,0.02,0.7863289567068843,0.7104772888573456,0.09646302250803858,0.11981177606177607,0.5684563235408712,0.6909125349244685,0.01874728155436746,0.07574913290008858,44.47309941520468,22544,17727,8288
4,adv_trained,unconstrained,CW-L2,0.02,0.7924059616749468,0.7763041163946061,0.020320197044334975,0.03799323562570462,0.6649263617236811,0.7719028449952507,0.01732145211487475,0.05627565022829378,24.663911845730027,22544,17864,8870
4,baseline,unconstrained,RandomSearch,0.02,0.7863289567068843,0.7603797019162527,0.03300050770011846,0.016650579150579152,0.6350814306865114,0.7510828495069579,0.0197138966100975,0.09302660291646914,64.11965811965813,22544,17727,8288
4,adv_trained,unconstrained,RandomSearch,0.02,0.7924059616749468,0.7869499645138396,0.006885356023287058,0.012514092446448704,0.6825372087586691,0.7848214685721966,0.019716497132085203,0.09465743243551204,67.08130081300813,22544,17864,8870
4,adv_trained,unconstrained,Transfer-PGD,0.02,0.7924059616749468,0.7832239176721079,0.011587550380653828,0.021082299887260427,0.6766149770123899,0.7803891610119984,0.020000008947175484,0.14205017836178097,52.227053140096615,22544,17864,8870
4,baseline,unconstrained,FGSM,0.05,0.7863289567068843,0.3846699787083038,0.5108027302984148,0.329753861003861,0.43286838619184914,0.4447201985429509,0.050000011920928955,0.43141004370230224,75.81998895637768,22544,17727,8288
4,adv_trained,unconstrained,FGSM,0.05,0.7924059616749468,0.7454755145493258,0.05922525750111957,0.11296505073280722,0.6131068339437388,0.7327931451988451,0.050000011920928955,0.3655389186775451,55.06805293005671,22544,17864,8870
4,baseline,unconstrained,PGD,0.05,0.7863289567068843,0.27861071682044003,0.6456817284368478,0.3483349420849421,0.42086807449544145,0.39911324588952524,0.050000011918976156,0.4214816866980697,75.06805871046654,22544,17727,8288
4,adv_trained,unconstrained,PGD,0.05,0.7924059616749468,0.7424148332150461,0.06308777429467084,0.11984216459977452,0.6083534637263306,0.7289108818449186,0.050000011920928955,0.3638375421654908,62.62910381543922,22544,17864,8870
4,baseline,unconstrained,CW-L2,0.05,0.7863289567068843,0.27803406671398156,0.646415073052406,0.34809362934362936,0.4210239226992909,0.39901041282032346,0.0460762328327496,0.25176080259260974,66.59071472205254,22544,17727,8288
4,adv_trained,unconstrained,CW-L2,0.05,0.7924059616749468,0.7422374024130589,0.0633116883116883,0.12029312288613303,0.6080417673186317,0.7286734836811879,0.044659814816692914,0.1272723254124289,28.5473032714412,22544,17864,8870
4,baseline,unconstrained,RandomSearch,0.05,0.7863289567068843,0.747959545777147,0.04879562249675636,0.03655888030888031,0.6222239538689317,0.7375762054313689,0.049253774596905775,0.23206921979403347,64.18265895953758,22544,17727,8288
4,adv_trained,unconstrained,RandomSearch,0.05,0.7924059616749468,0.7773243435060326,0.01903269144648455,0.03483652762119504,0.6671082365775735,0.7732815463824406,0.04935841732932364,0.2362588031748811,66.20294117647059,22544,17864,8870
4,adv_trained,unconstrained,Transfer-PGD,0.05,0.7924059616749468,0.7651703335699077,0.03437080161218092,0.06392333709131905,0.6470038182809943,0.7582648401826484,0.050000011920928955,0.34457065003945886,51.30130293159609,22544,17864,8870
4,baseline,unconstrained,FGSM,0.1,0.7863289567068843,0.19206884315117104,0.7557398318948496,0.47755791505791506,0.33741136133406063,0.3222445486343678,0.10000002384185791,0.8656538115514293,76.40509069194596,22544,17727,8288
4,adv_trained,unconstrained,FGSM,0.1,0.7924059616749468,0.6953069552874379,0.12253694581280788,0.23280721533258172,0.5302735135977558,0.6645832316031056,0.10000002382483968,0.731471551761788,55.389675650982184,22544,17864,8870
4,baseline,unconstrained,PGD,0.1,0.7863289567068843,0.057931156848828956,0.926327071698539,0.8424227799227799,0.10176887711369126,0.10951781970649895,0.10000002384049674,0.7984386289313989,67.94044211680166,22544,17727,8288
4,adv_trained,unconstrained,PGD,0.1,0.7924059616749468,0.6798704755145494,0.14201746529332737,0.24611048478015785,0.5210784695706382,0.6495070661939683,0.100000023815427,0.7335214289863488,68.2463539613717,22544,17864,8870
4,baseline,unconstrained,CW-L2,0.1,0.7863289567068843,0.058507806955287435,0.9255937270829807,0.840854247104247,0.10278189043871269,0.11054770984369107,0.0828578612127869,0.35267562817857306,59.2248902974159,22544,17727,8288
4,adv_trained,unconstrained,CW-L2,0.1,0.7924059616749468,0.6795599716110717,0.14240931482310792,0.24532130777903044,0.5216239382841112,0.6495245488065204,0.08737615013034551,0.21768721894163354,34.96501572327044,22544,17864,8870
4,baseline,unconstrained,RandomSearch,0.1,0.7863289567068843,0.6405251951738822,0.18542336548767416,0.09664575289575289,0.5834177511104185,0.6488430539908138,0.09860524862983717,0.4723813057983715,65.26041983571646,22544,17727,8288
4,adv_trained,unconstrained,RandomSearch,0.1,0.7924059616749468,0.751375088715401,0.05178011643528885,0.09740698985343856,0.6238603600093509,0.7407133274737475,0.09859380098965925,0.467146077214616,65.50918918918919,22544,17864,8870
4,adv_trained,unconstrained,Transfer-PGD,0.1,0.7924059616749468,0.7086142654364798,0.10574339453649799,0.20214205186020293,0.551468869321281,0.6830092168122376,0.10000002384185791,0.6767530231750912,49.844891476971945,22544,17864,8870
4,baseline,unconstrained,FGSM,0.2,0.7863289567068843,4.435770049680625e-05,0.9999435888757263,0.9998793436293436,7.792410192472531e-05,8.871146595697493e-05,0.2000000119524739,1.6574480808911056,70.80012411147467,22544,17727,8288
4,adv_trained,unconstrained,FGSM,0.2,0.7924059616749468,0.47675656493967355,0.39834303627407075,0.36753100338218714,0.437154211797709,0.4874869655891554,0.2000000129407769,1.5898960560891784,65.41301292861158,22544,17864,8870
4,baseline,unconstrained,PGD,0.2,0.7863289567068843,0.0,1.0,1.0,0.0,0.0,0.20000001088231542,1.547955875135267,65.53190049077678,22544,17727,8288
4,adv_trained,unconstrained,PGD,0.2,0.7924059616749468,0.1726401703335699,0.7821316614420063,0.5897406989853439,0.28356580690407546,0.2806787504820671,0.20000001228305958,1.3810539903715584,71.91833667334669,22544,17864,8870
4,baseline,unconstrained,CW-L2,0.2,0.7863289567068843,0.0,1.0,1.0,0.0,0.0,0.10790420177005937,0.38273919494424086,56.280194054267504,22544,17727,8288
4,adv_trained,unconstrained,CW-L2,0.2,0.7924059616749468,0.19512952448545068,0.7537505597850426,0.582412626832018,0.2886308735291826,0.2899072515947247,0.18353121408707135,0.47854142892541707,30.97088748607501,22544,17864,8870
4,baseline,unconstrained,RandomSearch,0.2,0.7863289567068843,0.3145404542228531,0.5999887177751453,0.1821911196911197,0.5281695628457882,0.46730325071529527,0.19715857130042605,0.9416838858825181,65.76880406167733,22544,17727,8288
4,adv_trained,unconstrained,RandomSearch,0.2,0.7924059616749468,0.5468417317246274,0.309896999552172,0.2076662908680947,0.5476505883269696,0.57910349373764,0.19718338817262462,0.9381051520556497,65.17521676300578,22544,17864,8870
4,adv_trained,unconstrained,Transfer-PGD,0.2,0.7924059616749468,0.6587562100780695,0.16866323331840574,0.2890642615558061,0.49138938673731786,0.621127801034228,0.20000001197693812,1.3804682084242208,52.04845668768669,22544,17864,8870
4,baseline,feasible,FGSM,0.01,0.7863289567068843,0.7853974449964514,0.0011846336097478423,0.0022924710424710427,0.6443543988155537,0.7736714071856288,0.010222263279415313,0.013403919993709537,1.8095238095238095,22544,17727,8288
4,adv_trained,feasible,FGSM,0.01,0.7924059616749468,0.7918293115684882,0.0007277205553067622,0.0010146561443066515,0.690485467154991,0.7906312737006469,0.009481956179325398,0.010739556819903937,1.3076923076923077,22544,17864,8870
4,baseline,feasible,PGD,0.01,0.7863289567068843,0.7853974449964514,0.0011846336097478423,0.0022924710424710427,0.6443543988155537,0.7736714071856288,0.010222263279415313,0.013403919993709537,1.8095238095238095,22544,17727,8288
4,adv_trained,feasible,PGD,0.01,0.7924059616749468,0.7918293115684882,0.0007277205553067622,0.0010146561443066515,0.690485467154991,0.7906312737006469,0.009481956179325398,0.010739556819903937,1.3076923076923077,22544,17864,8870
4,baseline,feasible,CW-L2,0.01,0.7863289567068843,0.7858410220014195,0.0006205223670107745,0.001085907335907336,0.6451336398348009,0.7742448330683624,0.005210116505622864,0.005408569267232264,1.2727272727272727,22544,17727,8288
4,adv_trained,feasible,CW-L2,0.01,0.7924059616749468,0.7921841731724627,0.0002798925212718316,0.00022547914317925591,0.6910309358684641,0.7910441104321841,0.008876338601112366,0.008876338601112366,1.0,22544,17864,8870
4,baseline,feasible,RandomSearch,0.01,0.7863289567068843,0.7853974449964514,0.0011846336097478423,0.0022924710424710427,0.6443543988155537,0.7736714071856288,0.008216987053553263,0.009493484107395735,1.7142857142857142,22544,17727,8288
4,adv_trained,feasible,RandomSearch,0.01,0.7924059616749468,0.7918293115684882,0.0007277205553067622,0.0010146561443066515,0.690485467154991,0.7906312737006469,0.007999236767108623,0.008415096692584906,1.1538461538461537,22544,17864,8870
4,adv_trained,feasible,Transfer-PGD,0.01,0.7924059616749468,0.7918736692689851,0.0006717420510523958,0.0010146561443066515,0.690485467154991,0.7906665476934059,0.009478324403365454,0.010511924529192099,1.25,22544,17864,8870
4,baseline,feasible,FGSM,0.02,0.7863289567068843,0.7828246983676366,0.004456478817622836,0.00916988416988417,0.6399127250058443,0.7703564727954972,0.025527898410830318,0.034043616667056326,2.0126582278481013,22544,17727,8288
4,adv_trained,feasible,FGSM,0.02,0.7924059616749468,0.7904985805535841,0.0024070756829377518,0.004284103720405863,0.688225668199174,0.7890293473891098,0.027772797401561293,0.03314192081166647,1.5813953488372092,22544,17864,8870
4,baseline,feasible,PGD,0.02,0.7863289567068843,0.7828246983676366,0.004456478817622836,0.00916988416988417,0.6399127250058443,0.7703564727954972,0.025527898410830318,0.03404428059801657,2.0253164556962027,22544,17727,8288
4,adv_trained,feasible,PGD,0.02,0.7924059616749468,0.7905872959545777,0.002295118674429019,0.004058624577226606,0.6883815164030235,0.7891375228907053,0.026842169281913013,0.030990280828606984,1.4878048780487805,22544,17864,8870
4,baseline,feasible,CW-L2,0.02,0.7863289567068843,0.7854418026969482,0.0011282224854741354,0.002171814671814672,0.6444323229174784,0.7737287739158909,0.01297970823943615,0.014077637519901307,1.25,22544,17727,8288
4,adv_trained,feasible,CW-L2,0.02,0.7924059616749468,0.7919623846699787,0.0005597850425436632,0.0006764374295377678,0.6907192394607652,0.7907931126773129,0.0172449454665184,0.020475125640291046,1.6,22544,17864,8870
4,baseline,feasible,RandomSearch,0.02,0.7863289567068843,0.7833126330731015,0.003835956450612061,0.007963320463320463,0.6406919660250916,0.770969103099067,0.02069958403487416,0.02295858724434418,1.5441176470588236,22544,17727,8288
4,adv_trained,feasible,RandomSearch,0.02,0.7924059616749468,0.7905872959545777,0.002295118674429019,0.004171364148816235,0.6883035923010987,0.7891186849510877,0.023667700770424634,0.024598800010849697,1.3170731707317074,22544,17864,8870
4,adv_trained,feasible,Transfer-PGD,0.02,0.7924059616749468,0.7912970191625266,0.0016233766233766235,0.002818489289740699,0.6895503779318943,0.789983484354774,0.030484875985260666,0.040150702483736485,2.1724137931034484,22544,17864,8870
4,baseline,feasible,FGSM,0.05,0.7863289567068843,0.7720457771469127,0.01816438201613358,0.037524131274131275,0.6216005610535339,0.7563646707438487,0.06193251622065624,0.09749971679618809,3.1180124223602483,22544,17727,8288
4,adv_trained,feasible,FGSM,0.05,0.7924059616749468,0.7858410220014195,0.008284818629646216,0.015558060879368658,0.6804332580067015,0.7834200610084335,0.06171085617530185,0.09345963237924318,2.7027027027027026,22544,17864,8870
4,baseline,feasible,PGD,0.05,0.7863289567068843,0.7720014194464159,0.01822079314040729,0.037644787644787646,0.6215226369516091,0.7563057083254314,0.06187342595159085,0.09953162419633682,3.291021671826625,22544,17727,8288
4,adv_trained,feasible,PGD,0.05,0.7924059616749468,0.7852200141944642,0.009068517689207344,0.01713641488162345,0.6793423205797553,0.7826555346081335,0.06167929608052895,0.09412642814760472,2.8703703703703702,22544,17864,8870
4,baseline,feasible,CW-L2,0.05,0.7863289567068843,0.7800301632363378,0.008010379646866362,0.016047297297297296,0.635471051196135,0.7668437632234708,0.047325530784650585,0.06365745084853885,2.3098591549295775,22544,17727,8288
4,adv_trained,feasible,CW-L2,0.05,0.7924059616749468,0.7893896380411639,0.00380653828929691,0.006538895152198422,0.6866671861606795,0.7877704273198641,0.05134372752817238,0.06234018406289155,1.75,22544,17864,8870
4,baseline,feasible,RandomSearch,0.05,0.7863289567068843,0.7752395315826828,0.014102781068426693,0.02895752895752896,0.6271331722901894,0.7605726976326608,0.05358477963507175,0.06696182834805932,2.364,22544,17727,8288
4,adv_trained,feasible,RandomSearch,0.05,0.7924059616749468,0.7863733144073811,0.00761307657859382,0.014205186020293123,0.6813683472297982,0.7840746054519369,0.05386490919901168,0.06523507145706421,2.088235294117647,22544,17864,8870
4,adv_trained,feasible,Transfer-PGD,0.05,0.7924059616749468,0.7871273953158269,0.007053291536050157,0.013190529875986472,0.6826151328605938,0.7849814059769703,0.06324718455000529,0.09655026772446516,3.007936507936508,22544,17864,8870
4,baseline,feasible,FGSM,0.1,0.7863289567068843,0.7607789212207239,0.032492807581655105,0.06382722007722008,0.6046131068339438,0.7420974606666347,0.10549179305477689,0.17590817986015153,3.0260416666666665,22544,17727,8288
4,adv_trained,feasible,FGSM,0.1,0.7924059616749468,0.779320440028389,0.016849529780564265,0.03134160090191657,0.6699914283487883,0.7756077759235037,0.10642445342386284,0.16631558317312908,2.6677740863787376,22544,17864,8870
4,baseline,feasible,PGD,0.1,0.7863289567068843,0.7601135557132718,0.03339538557003441,0.06539575289575289,0.6036000935089223,0.7412440191387559,0.10565190506796981,0.17832286641806944,3.1587837837837838,22544,17727,8288
4,adv_trained,feasible,PGD,0.1,0.7924059616749468,0.7778566359119943,0.018360949395432154,0.0342728297632469,0.6674978570871971,0.773803071364047,0.10577584763352828,0.16992753726464846,3.0213414634146343,22544,17864,8870
4,baseline,feasible,CW-L2,0.1,0.7863289567068843,0.7684971611071683,0.022677271958030123,0.04355694980694981,0.6177043559572976,0.7523371138423576,0.06893809069300172,0.10106929955373407,2.629353233830846,22544,17727,8288
4,adv_trained,feasible,CW-L2,0.1,0.7924059616749468,0.7830908445706175,0.011755485893416929,0.02142051860202931,0.6763812047066158,0.7802247191011236,0.0700237102096989,0.09926752612742348,2.552380952380952,22544,17864,8870
4,baseline,feasible,RandomSearch,0.1,0.7863289567068843,0.7631298793470547,0.029503017995148643,0.05803571428571429,0.6083534637263306,0.745156056122936,0.0880968280449994,0.11790095574376125,2.6902485659655833,22544,17727,8288
4,adv_trained,feasible,RandomSearch,0.1,0.7924059616749468,0.7785663591199432,0.017465293327362293,0.032807215332581734,0.6685108704122185,0.774627539503386,0.08475550197255917,0.10980482043040748,2.451923076923077,22544,17864,8870
4,adv_trained,feasible,Transfer-PGD,0.1,0.7924059616749468,0.781360894251242,0.014834303627407076,0.027846674182638104,0.673186316527702,0.7780429594272077,0.10333254753418689,0.17261305528076396,3.0452830188679245,22544,17864,8870
4,baseline,feasible,FGSM,0.2,0.7863289567068843,0.7386887863733144,0.060585547469961074,0.11546814671814672,0.5712615912101613,0.7133751763732789,0.19977299688692643,0.3297869156557248,2.8277467411545625,22544,17727,8288
4,adv_trained,feasible,FGSM,0.2,0.7924059616749468,0.7732434350603264,0.026253918495297807,0.04577226606538895,0.6624327904620899,0.7688342226643755,0.20009845933680342,0.31481287661370044,2.556503198294243,22544,17864,8870
4,baseline,feasible,PGD,0.2,0.7863289567068843,0.7318133427963094,0.06932927173238562,0.11836389961389962,0.5693914127639679,0.7073572120038722,0.20019707323163385,0.32579741591436934,2.9755899104963386,22544,17727,8288
4,adv_trained,feasible,PGD,0.2,0.7924059616749468,0.7695173882185947,0.02894088669950739,0.05050732807215333,0.6563547105119614,0.7642682152254786,0.19814093140038577,0.30187264686742626,2.852998065764023,22544,17864,8870
4,baseline,feasible,CW-L2,0.2,0.7863289567068843,0.7498225691980128,0.046426355277260675,0.0855453667953668,0.5905867684874931,0.7288200788537359,0.1159999802672414,0.17281617226323528,2.634264884568651,22544,17727,8288
4,adv_trained,feasible,CW-L2,0.2,0.7924059616749468,0.7752395315826828,0.021663681146439767,0.03742953776775648,0.6653159822333048,0.771169218263108,0.10456560577147998,0.13496736855646518,2.3824289405684755,22544,17864,8870
4,baseline,feasible,RandomSearch,0.2,0.7863289567068843,0.7368701206529453,0.06289840356518306,0.10291988416988417,0.5793656978103328,0.7148351120084607,0.16959033091907544,0.21389165713689423,2.553363228699552,22544,17727,8288
4,adv_trained,feasible,RandomSearch,0.2,0.7924059616749468,0.7708924769339958,0.027149574563367668,0.047576099210823,0.6583028130600794,0.7658764335252255,0.1645795250753152,0.20945073051053445,2.5443298969072163,22544,17864,8870
4,adv_trained,feasible,Transfer-PGD,0.2,0.7924059616749468,0.7747959545777147,0.024126735333631886,0.042277339346110485,0.6646146653159822,0.7706347413598373,0.2002859883477129,0.33578966171558,3.273781902552204,22544,17864,8870
